Generated audit for 2499 public declarations.
⚠ [2956/2973] Replayed FreeEntropy.LiePBW
warning: FreeEntropy/LiePBW.lean:72:25: Used `tac1 <;> tac2` where `(tac1; tac2)` would suffice

Note: This linter can be disabled with `set_option linter.unnecessarySeqFocus false`
warning: FreeEntropy/LiePBW.lean:96:25: Used `tac1 <;> tac2` where `(tac1; tac2)` would suffice

Note: This linter can be disabled with `set_option linter.unnecessarySeqFocus false`
⚠ [2958/2973] Replayed FreeEntropy.HighestWeightDominance
warning: FreeEntropy/HighestWeightDominance.lean:18:0: automatically included section variable(s) unused in theorem `FreeEntropy.LieMatrixCasimir.Generators.raising_weight`:
  [DecidableEq H]
consider restructuring your `variable` declarations so that the variables are not in scope or explicitly omit them:
  omit [DecidableEq H] in theorem ...

Note: This linter can be disabled with `set_option linter.unusedSectionVars false`
warning: FreeEntropy/HighestWeightDominance.lean:37:0: automatically included section variable(s) unused in theorem `FreeEntropy.LieMatrixCasimir.Generators.highest_weight_dominant`:
  [DecidableEq H]
consider restructuring your `variable` declarations so that the variables are not in scope or explicitly omit them:
  omit [DecidableEq H] in theorem ...

Note: This linter can be disabled with `set_option linter.unusedSectionVars false`
⚠ [2972/3016] Replayed FreeEntropy.RaisingKernel
warning: FreeEntropy/RaisingKernel.lean:31:56: This simp argument is unused:
  mul_sub

Hint: Omit it from the simp argument list.
  simp [left, right, basisDepth, depth, Nat.cast_sum,̵ ̵m̵u̵l̵_̵s̵u̵b̵]

Note: This linter can be disabled with `set_option linter.unusedSimpArgs false`
warning: FreeEntropy/RaisingKernel.lean:34:13: This simp argument is unused:
  Pi.sub_apply

Hint: Omit it from the simp argument list.
  simp only [P̵i̵.̵s̵u̵b̵_̵a̵p̵p̵l̵y̵,̵ ̵mul_sub, Finset.sum_sub_distrib] at h

Note: This linter can be disabled with `set_option linter.unusedSimpArgs false`
⚠ [3007/3016] Replayed FreeEntropy.CyclicHighestRepresentation
warning: FreeEntropy/CyclicHighestRepresentation.lean:24:0: automatically included section variable(s) unused in theorem `FreeEntropy.UnitaryDecomposition.orbit_mem_cyclicSubspace`:
  [FiniteDimensional ℂ E]
consider restructuring your `variable` declarations so that the variables are not in scope or explicitly omit them:
  omit [FiniteDimensional ℂ E] in theorem ...

Note: This linter can be disabled with `set_option linter.unusedSectionVars false`
warning: FreeEntropy/CyclicHighestRepresentation.lean:39:12: try 'simp' instead of 'simpa'

Note: This linter can be disabled with `set_option linter.unnecessarySimpa false`
warning: FreeEntropy/CyclicHighestRepresentation.lean:43:0: automatically included section variable(s) unused in theorem `FreeEntropy.UnitaryDecomposition.cyclicSubspace_le`:
  [FiniteDimensional ℂ E]
consider restructuring your `variable` declarations so that the variables are not in scope or explicitly omit them:
  omit [FiniteDimensional ℂ E] in theorem ...

Note: This linter can be disabled with `set_option linter.unusedSectionVars false`
warning: FreeEntropy/CyclicHighestRepresentation.lean:63:0: automatically included section variable(s) unused in theorem `FreeEntropy.UnitaryDecomposition.operator_on_cyclicSubspace`:
  [FiniteDimensional ℂ E]
consider restructuring your `variable` declarations so that the variables are not in scope or explicitly omit them:
  omit [FiniteDimensional ℂ E] in theorem ...

Note: This linter can be disabled with `set_option linter.unusedSectionVars false`
⚠ [3051/3083] Replayed FreeEntropy.ExteriorColumnEquiv
warning: FreeEntropy/ExteriorColumnEquiv.lean:68:4: try 'simp' instead of 'simpa'

Note: This linter can be disabled with `set_option linter.unnecessarySimpa false`
⚠ [3058/3083] Replayed FreeEntropy.ExteriorTensorSum
warning: FreeEntropy/ExteriorTensorSum.lean:43:58: This simp argument is unused:
  Matrix.kronecker_apply

Hint: Omit it from the simp argument list.
  simp only [tensorMatrix, productMatrix, tensorSumEquiv, M̵a̵t̵r̵i̵x̵.̵k̵r̵o̵n̵e̵c̵k̵e̵r̵_̵a̵p̵p̵l̵y̵,̵
  ̵ ̵ ̵ ̵ ̵Fintype.prod_sum_type]

Note: This linter can be disabled with `set_option linter.unusedSimpArgs false`
⚠ [3065/3179] Replayed FreeEntropy.TorusWeightEigenline
warning: FreeEntropy/TorusWeightEigenline.lean:77:10: This simp argument is unused:
  Pi.single_apply

Hint: Omit it from the simp argument list.
  simp [P̵i̵.̵s̵i̵n̵g̵l̵e̵_̵a̵p̵p̵l̵y̵,̵ ̵hb, joint_eigenvector_support weight (weight b₀) v hv b hw]

Note: This linter can be disabled with `set_option linter.unusedSimpArgs false`
warning: FreeEntropy/TorusWeightEigenline.lean:84:2: Try `simp at this` instead of `simpa using this`

Note: This linter can be disabled with `set_option linter.unnecessarySimpa false`
warning: FreeEntropy/TorusWeightEigenline.lean:81:0: automatically included section variable(s) unused in theorem `FreeEntropy.TorusWeights.highestVector_ne_zero`:
  [Fintype B]
consider restructuring your `variable` declarations so that the variables are not in scope or explicitly omit them:
  omit [Fintype B] in theorem ...

Note: This linter can be disabled with `set_option linter.unusedSectionVars false`
warning: FreeEntropy/TorusWeightEigenline.lean:111:27: This simp argument is unused:
  Pi.single_apply

Hint: Omit it from the simp argument list.
  simp [highestVector, P̵i̵.̵s̵i̵n̵g̵l̵e̵_̵a̵p̵p̵l̵y̵,̵ ̵hb]

Note: This linter can be disabled with `set_option linter.unusedSimpArgs false`
⚠ [3066/3179] Replayed FreeEntropy.ExteriorHighestRepresentation
warning: FreeEntropy/ExteriorHighestRepresentation.lean:58:53: This simp argument is unused:
  Pi.single_apply

Hint: Omit it from the simp argument list.
  simp [highestVector, TorusWeights.highestVector, P̵i̵.̵s̵i̵n̵g̵l̵e̵_̵a̵p̵p̵l̵y̵,̵ ̵hx]

Note: This linter can be disabled with `set_option linter.unusedSimpArgs false`
⚠ [3069/3179] Replayed FreeEntropy.ExteriorCartanEmbedding
warning: FreeEntropy/ExteriorCartanEmbedding.lean:62:4: try 'simp' instead of 'simpa'

Note: This linter can be disabled with `set_option linter.unnecessarySimpa false`
warning: FreeEntropy/ExteriorCartanEmbedding.lean:64:4: try 'simp' instead of 'simpa'

Note: This linter can be disabled with `set_option linter.unnecessarySimpa false`
⚠ [3070/3179] Replayed FreeEntropy.ExteriorCommutant
warning: FreeEntropy/ExteriorCommutant.lean:84:40: This simp argument is unused:
  Matrix.single_apply

Hint: Omit it from the simp argument list.
  simp [Matrix.mul_swap_apply_left, M̵a̵t̵r̵i̵x̵.̵s̵i̵n̵g̵l̵e̵_̵a̵p̵p̵l̵y̵,̵ ̵hb, Ne.symm hb]

Note: This linter can be disabled with `set_option linter.unusedSimpArgs false`
warning: FreeEntropy/ExteriorCommutant.lean:86:12: This simp argument is unused:
  Matrix.single_apply

Hint: Omit it from the simp argument list.
  simp [M̵a̵t̵r̵i̵x̵.̵s̵i̵n̵g̵l̵e̵_̵a̵p̵p̵l̵y̵,̵ ̵hb, hb', Ne.symm hb, Ne.symm hb']

Note: This linter can be disabled with `set_option linter.unusedSimpArgs false`
warning: FreeEntropy/ExteriorCommutant.lean:86:33: This simp argument is unused:
  hb

Hint: Omit it from the simp argument list.
  simp [Matrix.single_apply, hb,̵ ̵h̵b̵', Ne.symm hb, Ne.symm hb']

Note: This linter can be disabled with `set_option linter.unusedSimpArgs false`
warning: FreeEntropy/ExteriorCommutant.lean:86:37: This simp argument is unused:
  hb'

Hint: Omit it from the simp argument list.
  simp [Matrix.single_apply, hb, h̵b̵'̵,̵ ̵Ne.symm hb, Ne.symm hb']

Note: This linter can be disabled with `set_option linter.unusedSimpArgs false`
warning: FreeEntropy/ExteriorCommutant.lean:111:46: This simp argument is unused:
  Matrix.one_apply

Hint: Omit it from the simp argument list.
  simp_all [transvection, Matrix.add_apply, Matrix.o̵n̵e̵_̵a̵p̵p̵l̵y̵,̵ ̵M̵a̵t̵r̵i̵x̵.̵single_apply, eq_comm]

Note: This linter can be disabled with `set_option linter.unusedSimpArgs false`
⚠ [3072/3179] Replayed FreeEntropy.ExteriorMonomialWeights
warning: FreeEntropy/ExteriorMonomialWeights.lean:31:6: try 'simp' instead of 'simpa'

Note: This linter can be disabled with `set_option linter.unnecessarySimpa false`
warning: FreeEntropy/ExteriorMonomialWeights.lean:36:6: try 'simp' instead of 'simpa'

Note: This linter can be disabled with `set_option linter.unnecessarySimpa false`
⚠ [3077/3179] Replayed FreeEntropy.CoordinateWeightSpace
warning: FreeEntropy/CoordinateWeightSpace.lean:34:0: automatically included section variable(s) unused in theorem `FreeEntropy.LiePBW.coordinateWeightSpace_finrank`:
  [DecidableEq H]
consider restructuring your `variable` declarations so that the variables are not in scope or explicitly omit them:
  omit [DecidableEq H] in theorem ...

Note: This linter can be disabled with `set_option linter.unusedSectionVars false`
⚠ [3082/3179] Replayed FreeEntropy.TensorInfinitesimal
warning: FreeEntropy/TensorInfinitesimal.lean:28:0: automatically included section variable(s) unused in theorem `FreeEntropy.TensorPowers.differential_add`:
  [Fintype H]
consider restructuring your `variable` declarations so that the variables are not in scope or explicitly omit them:
  omit [Fintype H] in theorem ...

Note: This linter can be disabled with `set_option linter.unusedSectionVars false`
warning: FreeEntropy/TensorInfinitesimal.lean:33:0: automatically included section variable(s) unused in theorem `FreeEntropy.TensorPowers.differential_smul`:
  [Fintype H]
consider restructuring your `variable` declarations so that the variables are not in scope or explicitly omit them:
  omit [Fintype H] in theorem ...

Note: This linter can be disabled with `set_option linter.unusedSectionVars false`
warning: FreeEntropy/TensorInfinitesimal.lean:38:0: automatically included section variable(s) unused in theorem `FreeEntropy.TensorPowers.differential_sub`:
  [Fintype H]
consider restructuring your `variable` declarations so that the variables are not in scope or explicitly omit them:
  omit [Fintype H] in theorem ...

Note: This linter can be disabled with `set_option linter.unusedSectionVars false`
warning: FreeEntropy/TensorInfinitesimal.lean:45:0: automatically included section variable(s) unused in theorem `FreeEntropy.TensorPowers.hasDerivAt_matrix_identity`:
  [Fintype H]
consider restructuring your `variable` declarations so that the variables are not in scope or explicitly omit them:
  omit [Fintype H] in theorem ...

Note: This linter can be disabled with `set_option linter.unusedSectionVars false`
warning: FreeEntropy/TensorInfinitesimal.lean:104:6: This simp argument is unused:
  map_div₀

Hint: Omit it from the simp argument list.
  simp only [C, Matrix.conjTranspose_smul, Matrix.conjTranspose_sub,
        Matrix.conjTranspose_conjTranspose, star_div₀, star_ofNat, Complex.star_def,
  ̵  ̵ ̵ ̵ ̵ ̵m̵a̵p̵_̵d̵i̵v̵₀̵,̵ ̵Complex.conj_I,
  ̲  ̲ ̲ ̲ ̲ ̲map_ofNat]

Note: This linter can be disabled with `set_option linter.unusedSimpArgs false`
warning: FreeEntropy/TensorInfinitesimal.lean:104:32: This simp argument is unused:
  map_ofNat

Hint: Omit it from the simp argument list.
  simp only [C, Matrix.conjTranspose_smul, Matrix.conjTranspose_sub,
        Matrix.conjTranspose_conjTranspose, star_div₀, star_ofNat, Complex.star_def,
  ̵  ̵ ̵ ̵ ̵ ̵map_div₀,
  ̲  ̲ ̲ ̲ ̲ ̲Complex.conj_I,̵ ̵m̵a̵p̵_̵o̵f̵N̵a̵t̵]

Note: This linter can be disabled with `set_option linter.unusedSimpArgs false`
⚠ [3087/3179] Replayed FreeEntropy.TensorLieRestriction
warning: FreeEntropy/TensorLieRestriction.lean:28:8: automatically included section variable(s) unused in theorem `_private.FreeEntropy.TensorLieRestriction.0.FreeEntropy.SchurWeyl.compressed_product`:
  [DecidableEq A]
consider restructuring your `variable` declarations so that the variables are not in scope or explicitly omit them:
  omit [DecidableEq A] in theorem ...

Note: This linter can be disabled with `set_option linter.unusedSectionVars false`
⚠ [3120/3179] Replayed FreeEntropy.TensorConstituentWeights
warning: FreeEntropy/TensorConstituentWeights.lean:35:0: automatically included section variable(s) unused in theorem `FreeEntropy.CartanLieCloning.isometry_column_nonzero`:
  [DecidableEq A]
  [Fintype K]
consider restructuring your `variable` declarations so that the variables are not in scope or explicitly omit them:
  omit [DecidableEq A] [Fintype K] in theorem ...

Note: This linter can be disabled with `set_option linter.unusedSectionVars false`
⚠ [3121/3179] Replayed FreeEntropy.TensorTopExistence
warning: FreeEntropy/TensorTopExistence.lean:45:59: This simp argument is unused:
  Matrix.kronecker_apply

Hint: Omit it from the simp argument list.
  simp only [tensorHighestVector, Matrix.mulVec_single_one, Matrix.col_apply, Generators.tensor,
  ̲  ̲ ̲ ̲M̵a̵t̵r̵i̵x̵.̵a̵d̵d̵_̵a̵p̵p̵l̵y̵,̵ ̵M̵a̵t̵r̵i̵x̵.̵k̵r̵o̵n̵e̵c̵k̵e̵r̵_̵a̵p̵p̵l̵y̵]̵M̲a̲t̲r̲i̲x̲.̲a̲d̲d̲_̲a̲p̲p̲l̲y̲]̲

Note: This linter can be disabled with `set_option linter.unusedSimpArgs false`
warning: FreeEntropy/TensorTopExistence.lean:56:0: automatically included section variable(s) unused in theorem `FreeEntropy.CartanLieCloning.resolution_detects_vector`:
  [Nonempty A]
  [DecidableEq κ]
  [(i : κ) → DecidableEq (T i)]
consider restructuring your `variable` declarations so that the variables are not in scope or explicitly omit them:
  omit [Nonempty A] [DecidableEq κ] [(i : κ) → DecidableEq (T i)] in theorem ...

Note: This linter can be disabled with `set_option linter.unusedSectionVars false`
⚠ [3132/3179] Replayed FreeEntropy.ExteriorTensorEmbedding
warning: FreeEntropy/ExteriorTensorEmbedding.lean:50:4: This simp argument is unused:
  Units.smul_def

Hint: Omit it from the simp argument list.
  simp only [alternatingColumn, Finset.sum_apply, Pi.smul_apply, permutationSign,
      U̵n̵i̵t̵s̵.̵s̵m̵u̵l̵_̵d̵e̵f̵,̵ ̵Int.cast_smul_eq_zsmul, smul_eq_mul]

Note: This linter can be disabled with `set_option linter.unusedSimpArgs false`
warning: FreeEntropy/ExteriorTensorEmbedding.lean:50:44: This simp argument is unused:
  smul_eq_mul

Hint: Omit it from the simp argument list.
  simp only [alternatingColumn, Finset.sum_apply, Pi.smul_apply, permutationSign,
  ̵  ̵ ̵ ̵Units.smul_def,
  ̲  ̲ ̲ ̲Int.cast_smul_eq_zsmul,̵ ̵s̵m̵u̵l̵_̵e̵q̵_̵m̵u̵l̵]

Note: This linter can be disabled with `set_option linter.unusedSimpArgs false`
warning: FreeEntropy/ExteriorTensorEmbedding.lean:113:15: This simp argument is unused:
  Ne.symm hst

Hint: Omit it from the simp argument list.
  simp [hst,̵ ̵N̵e̵.̵s̵y̵m̵m̵ ̵h̵s̵t̵]

Note: This linter can be disabled with `set_option linter.unusedSimpArgs false`
⚠ [3133/3179] Replayed FreeEntropy.ExteriorTensorEmbeddingProduct
warning: FreeEntropy/ExteriorTensorEmbeddingProduct.lean:57:30: unused variable `i`

Note: This linter can be disabled with `set_option linter.unusedVariables false`
⚠ [3137/3179] Replayed FreeEntropy.LieDeterminantTwist
warning: FreeEntropy/LieDeterminantTwist.lean:31:26: This simp argument is unused:
  Matrix.smul_mul

Hint: Omit it from the simp argument list.
  simp [̵M̵a̵t̵r̵i̵x̵.̵s̵m̵u̵l̵_̵m̵u̵l̵,̵ ̵M̵a̵t̵r̵i̵x̵.̵m̵u̵l̵_̵s̵m̵u̵l̵]̵[̲M̲a̲t̲r̲i̲x̲.̲m̲u̲l̲_̲s̲m̲u̲l̲]̲

Note: This linter can be disabled with `set_option linter.unusedSimpArgs false`
warning: FreeEntropy/LieDeterminantTwist.lean:31:43: This simp argument is unused:
  Matrix.mul_smul

Hint: Omit it from the simp argument list.
  simp [Matrix.smul_mul,̵ ̵M̵a̵t̵r̵i̵x̵.̵m̵u̵l̵_̵s̵m̵u̵l̵]

Note: This linter can be disabled with `set_option linter.unusedSimpArgs false`
warning: FreeEntropy/LieDeterminantTwist.lean:34:26: This simp argument is unused:
  Matrix.smul_mul

Hint: Omit it from the simp argument list.
  simp [̵M̵a̵t̵r̵i̵x̵.̵s̵m̵u̵l̵_̵m̵u̵l̵,̵ ̵M̵a̵t̵r̵i̵x̵.̵m̵u̵l̵_̵s̵m̵u̵l̵]̵[̲M̲a̲t̲r̲i̲x̲.̲m̲u̲l̲_̲s̲m̲u̲l̲]̲

Note: This linter can be disabled with `set_option linter.unusedSimpArgs false`
warning: FreeEntropy/LieDeterminantTwist.lean:34:43: This simp argument is unused:
  Matrix.mul_smul

Hint: Omit it from the simp argument list.
  simp [Matrix.smul_mul,̵ ̵M̵a̵t̵r̵i̵x̵.̵m̵u̵l̵_̵s̵m̵u̵l̵]

Note: This linter can be disabled with `set_option linter.unusedSimpArgs false`
warning: FreeEntropy/LieDeterminantTwist.lean:137:6: try 'simp' instead of 'simpa'

Note: This linter can be disabled with `set_option linter.unnecessarySimpa false`
⚠ [3139/3179] Replayed FreeEntropy.LieCartanBalance
warning: FreeEntropy/LieCartanBalance.lean:21:0: automatically included section variable(s) unused in theorem `FreeEntropy.CartanBalance.partialTrace_left`:
  [DecidableEq A]
consider restructuring your `variable` declarations so that the variables are not in scope or explicitly omit them:
  omit [DecidableEq A] in theorem ...

Note: This linter can be disabled with `set_option linter.unusedSectionVars false`
warning: FreeEntropy/LieCartanBalance.lean:30:0: automatically included section variable(s) unused in theorem `FreeEntropy.CartanBalance.partialTrace_right`:
  [DecidableEq A]
consider restructuring your `variable` declarations so that the variables are not in scope or explicitly omit them:
  omit [DecidableEq A] in theorem ...

Note: This linter can be disabled with `set_option linter.unusedSectionVars false`
warning: FreeEntropy/LieCartanBalance.lean:39:0: automatically included section variable(s) unused in theorem `FreeEntropy.CartanBalance.partialTrace_environment`:
  [DecidableEq B]
consider restructuring your `variable` declarations so that the variables are not in scope or explicitly omit them:
  omit [DecidableEq B] in theorem ...

Note: This linter can be disabled with `set_option linter.unusedSectionVars false`
warning: FreeEntropy/LieCartanBalance.lean:54:0: automatically included section variable(s) unused in theorem `FreeEntropy.CartanBalance.partialTrace_add`:
  [Fintype A]
  [DecidableEq A]
  [DecidableEq B]
consider restructuring your `variable` declarations so that the variables are not in scope or explicitly omit them:
  omit [Fintype A] [DecidableEq A] [DecidableEq B] in theorem ...

Note: This linter can be disabled with `set_option linter.unusedSectionVars false`
warning: FreeEntropy/LieCartanBalance.lean:71:0: automatically included section variable(s) unused in theorem `FreeEntropy.CartanBalance.lie_range_commutes`:
  [DecidableEq C]
consider restructuring your `variable` declarations so that the variables are not in scope or explicitly omit them:
  omit [DecidableEq C] in theorem ...

Note: This linter can be disabled with `set_option linter.unusedSectionVars false`
⚠ [3141/3179] Replayed FreeEntropy.CartanMultiplicity
warning: FreeEntropy/CartanMultiplicity.lean:24:0: automatically included section variable(s) unused in theorem `FreeEntropy.CartanLieCloning.tensor_basisEmbedding_raise`:
  [Nonempty A]
consider restructuring your `variable` declarations so that the variables are not in scope or explicitly omit them:
  omit [Nonempty A] in theorem ...

Note: This linter can be disabled with `set_option linter.unusedSectionVars false`
warning: FreeEntropy/CartanMultiplicity.lean:33:76: This simp argument is unused:
  add_mul

Hint: Omit it from the simp argument list.
  simp [N.highest_basis_raise N.highestBasis N.highestBasis_weight i j hij, a̵d̵d̵_̵m̵u̵l̵,̵
  ̵ ̵ ̵ ̵ ̵Finset.sum_add_distrib,
  ̲  ̲ ̲ ̲mul_ite, ite_mul, and_comm]

Note: This linter can be disabled with `set_option linter.unusedSimpArgs false`
warning: FreeEntropy/CartanMultiplicity.lean:34:4: This simp argument is unused:
  Finset.sum_add_distrib

Hint: Omit it from the simp argument list.
  simp [N.highest_basis_raise N.highestBasis N.highestBasis_weight i j hij, add_mul, F̵i̵n̵s̵e̵t̵.̵s̵u̵m̵_̵a̵d̵d̵_̵d̵i̵s̵t̵r̵i̵b̵,̵ ̵mul_ite,
  ̲  ̲ ̲ ̲ite_mul, and_comm]

Note: This linter can be disabled with `set_option linter.unusedSimpArgs false`
warning: FreeEntropy/CartanMultiplicity.lean:34:28: This simp argument is unused:
  mul_ite

Hint: Omit it from the simp argument list.
  simp [N.highest_basis_raise N.highestBasis N.highestBasis_weight i j hij, add_mul,
      Finset.sum_add_distrib, m̵u̵l̵_̵ite,̵ ̵i̵t̵e̵_mul, and_comm]

Note: This linter can be disabled with `set_option linter.unusedSimpArgs false`
warning: FreeEntropy/CartanMultiplicity.lean:34:37: This simp argument is unused:
  ite_mul

Hint: Omit it from the simp argument list.
  simp [N.highest_basis_raise N.highestBasis N.highestBasis_weight i j hij, add_mul,
      Finset.sum_add_distrib, mul_ite, i̵t̵e̵_̵m̵u̵l̵,̵ ̵and_comm]

Note: This linter can be disabled with `set_option linter.unusedSimpArgs false`
warning: FreeEntropy/CartanMultiplicity.lean:34:46: This simp argument is unused:
  and_comm

Hint: Omit it from the simp argument list.
  simp [N.highest_basis_raise N.highestBasis N.highestBasis_weight i j hij, add_mul,
      Finset.sum_add_distrib, mul_ite, ite_mul,̵ ̵a̵n̵d̵_̵c̵o̵m̵m̵]

Note: This linter can be disabled with `set_option linter.unusedSimpArgs false`
warning: FreeEntropy/CartanMultiplicity.lean:36:0: automatically included section variable(s) unused in theorem `FreeEntropy.CartanLieCloning.cartanSlice_raise`:
  [Nonempty C]
consider restructuring your `variable` declarations so that the variables are not in scope or explicitly omit them:
  omit [Nonempty C] in theorem ...

Note: This linter can be disabled with `set_option linter.unusedSectionVars false`
warning: FreeEntropy/CartanMultiplicity.lean:84:0: automatically included section variable(s) unused in theorem `FreeEntropy.CartanLieCloning.cartanSlice_weight`:
  [Nonempty A]
  [Nonempty C]
consider restructuring your `variable` declarations so that the variables are not in scope or explicitly omit them:
  omit [Nonempty A] [Nonempty C] in theorem ...

Note: This linter can be disabled with `set_option linter.unusedSectionVars false`
⚠ [3142/3179] Replayed FreeEntropy.CyclicWeightStateBlocks
warning: FreeEntropy/CyclicWeightStateBlocks.lean:107:42: This simp argument is unused:
  Pi.smul_apply

Hint: Omit it from the simp argument list.
  simp only [mixture, Matrix.sum_apply, P̵i̵.̵s̵m̵u̵l̵_̵a̵p̵p̵l̵y̵,̵ ̵weightProjector, Matrix.diagonal_apply_eq,
  ̲  ̲ ̲ ̲ ̲ ̲Complex.real_smul, smul_eq_mul, relativeState]

Note: This linter can be disabled with `set_option linter.unusedSimpArgs false`
warning: FreeEntropy/CyclicWeightStateBlocks.lean:108:32: This simp argument is unused:
  Complex.real_smul

Hint: Omit it from the simp argument list.
  simp only [mixture, Matrix.sum_apply, Pi.smul_apply, weightProjector, Matrix.diagonal_apply_eq,
  ̲  ̲ ̲ ̲ ̲ ̲C̵o̵m̵p̵l̵e̵x̵.̵r̵e̵a̵l̵_̵s̵m̵u̵l̵,̵ ̵smul_eq_mul, relativeState]

Note: This linter can be disabled with `set_option linter.unusedSimpArgs false`
warning: FreeEntropy/CyclicWeightStateBlocks.lean:108:51: This simp argument is unused:
  smul_eq_mul

Hint: Omit it from the simp argument list.
  simp only [mixture, Matrix.sum_apply, Pi.smul_apply, weightProjector,
  ̵  ̵ ̵ ̵ ̵ ̵Matrix.diagonal_apply_eq,
  ̲  ̲ ̲ ̲ ̲ ̲Complex.real_smul, s̵m̵u̵l̵_̵e̵q̵_̵m̵u̵l̵,̵ ̵relativeState]

Note: This linter can be disabled with `set_option linter.unusedSimpArgs false`
⚠ [3147/3179] Replayed FreeEntropy.TorusWeightProjection
warning: FreeEntropy/TorusWeightProjection.lean:93:0: automatically included section variable(s) unused in theorem `FreeEntropy.TorusWeights.projector_mem_weightSpace`:
  [DecidableEq I]
consider restructuring your `variable` declarations so that the variables are not in scope or explicitly omit them:
  omit [DecidableEq I] in theorem ...

Note: This linter can be disabled with `set_option linter.unusedSectionVars false`
⚠ [3153/3179] Replayed FreeEntropy.ExteriorSimpleOffsets
warning: FreeEntropy/ExteriorSimpleOffsets.lean:39:18: This simp argument is unused:
  Nat.cast_mul

Hint: Omit it from the simp argument list.
  simp only [rootWeightShift, simpleRootAssignment, Finsupp.finset_sum_apply, Nat.cast_sum,
  ̲  ̲ ̲ ̲N̵a̵t̵.̵c̵a̵s̵t̵_̵m̵u̵l̵,̵ ̵Int.cast_sum, Int.cast_mul, Int.cast_natCast, Finset.sum_mul]

Note: This linter can be disabled with `set_option linter.unusedSimpArgs false`
⚠ [3159/3179] Replayed FreeEntropy.WeylCharacterAlgebra
warning: FreeEntropy/WeylCharacterAlgebra.lean:23:28: This simp argument is unused:
  mul_smul_comm

Hint: Omit it from the simp argument list.
  simp ̵[̵m̵u̵l̵_̵s̵m̵u̵l̵_̵c̵o̵m̵m̵]̵

Note: This linter can be disabled with `set_option linter.unusedSimpArgs false`
warning: FreeEntropy/WeylCharacterAlgebra.lean:40:32: This simp argument is unused:
  Ne.symm ha

Hint: Omit it from the simp argument list.
  simp [coeff_monomial, ha,̵ ̵N̵e̵.̵s̵y̵m̵m̵ ̵h̵a̵]

Note: This linter can be disabled with `set_option linter.unusedSimpArgs false`
⚠ [3160/3179] Replayed FreeEntropy.LieCharacterRadial
warning: FreeEntropy/LieCharacterRadial.lean:146:0: automatically included section variable(s) unused in theorem `FreeEntropy.LieCharacter.euler_character`:
  [DecidableEq H]
consider restructuring your `variable` declarations so that the variables are not in scope or explicitly omit them:
  omit [DecidableEq H] in theorem ...

Note: This linter can be disabled with `set_option linter.unusedSectionVars false`
warning: FreeEntropy/LieCharacterRadial.lean:157:0: automatically included section variable(s) unused in theorem `FreeEntropy.LieCharacter.euler_sq_character`:
  [DecidableEq H]
consider restructuring your `variable` declarations so that the variables are not in scope or explicitly omit them:
  omit [DecidableEq H] in theorem ...

Note: This linter can be disabled with `set_option linter.unusedSectionVars false`
warning: FreeEntropy/LieCharacterRadial.lean:174:13: This simp argument is unused:
  Pi.mul_apply

Hint: Omit it from the simp argument list.
  simp only [̵P̵i̵.̵m̵u̵l̵_̵a̵p̵p̵l̵y̵,̵ ̵m̵a̵p̵_̵p̵o̵w̵]̵[̲m̲a̲p̲_̲p̲o̲w̲]̲

Note: This linter can be disabled with `set_option linter.unusedSimpArgs false`
warning: FreeEntropy/LieCharacterRadial.lean:197:72: This simp argument is unused:
  Finset.sum_ite_eq'

Hint: Omit it from the simp argument list.
  simp only [Finset.sum_add_distrib, Finset.sum_ite_eq, F̵i̵n̵s̵e̵t̵.̵s̵u̵m̵_̵i̵t̵e̵_̵e̵q̵'̵,̵ ̵Finset.mem_univ, if_true]

Note: This linter can be disabled with `set_option linter.unusedSimpArgs false`
warning: FreeEntropy/LieCharacterRadial.lean:224:43: This simp argument is unused:
  Matrix.one_apply

Hint: Omit it from the simp argument list.
  simp [lift, M̵a̵t̵r̵i̵x̵.̵o̵n̵e̵_̵a̵p̵p̵l̵y̵,̵ ̵hab]

Note: This linter can be disabled with `set_option linter.unusedSimpArgs false`
⚠ [3163/3179] Replayed FreeEntropy.WeylDenominator
warning: FreeEntropy/WeylDenominator.lean:27:2: try 'simp' instead of 'simpa'

Note: This linter can be disabled with `set_option linter.unnecessarySimpa false`
warning: FreeEntropy/WeylDenominator.lean:27:100: 'simp' tactic does nothing

Note: This linter can be disabled with `set_option linter.unusedTactic false`
warning: FreeEntropy/WeylDenominator.lean:27:100: this tactic is never executed

Note: This linter can be disabled with `set_option linter.unreachableTactic false`
warning: FreeEntropy/WeylDenominator.lean:36:26: This simp argument is unused:
  ha

Hint: Omit it from the simp argument list.
  simp [coeff_monomial, h̵a̵,̵ ̵Ne.symm ha]

Note: This linter can be disabled with `set_option linter.unusedSimpArgs false`
⚠ [3166/3284] Replayed FreeEntropy.SupportedWeightStates
warning: FreeEntropy/SupportedWeightStates.lean:40:34: `_root_.not_imp` has been deprecated: Use `Classical.not_imp` instead
warning: FreeEntropy/SupportedWeightStates.lean:41:29: `_root_.not_imp` has been deprecated: Use `Classical.not_imp` instead
⚠ [3167/3284] Replayed FreeEntropy.LieCharacterFinite
warning: FreeEntropy/LieCharacterFinite.lean:29:8: automatically included section variable(s) unused in theorem `FreeEntropy.LieCharacter.character_eval_one`:
  [DecidableEq H]
consider restructuring your `variable` declarations so that the variables are not in scope or explicitly omit them:
  omit [DecidableEq H] in theorem ...

Note: This linter can be disabled with `set_option linter.unusedSectionVars false`
warning: FreeEntropy/LieCharacterFinite.lean:50:0: automatically included section variable(s) unused in theorem `FreeEntropy.LieCharacter.character_coeff`:
  [DecidableEq H]
consider restructuring your `variable` declarations so that the variables are not in scope or explicitly omit them:
  omit [DecidableEq H] in theorem ...

Note: This linter can be disabled with `set_option linter.unusedSectionVars false`
warning: FreeEntropy/LieCharacterFinite.lean:55:13: This simp argument is unused:
  ← Nat.cast_sum

Hint: Omit it from the simp argument list.
  simp only [← N̵a̵t̵.̵c̵a̵s̵t̵_̵s̵u̵m̵,̵ ̵←̵ ̵Finset.sum_boole]

Note: Simp arguments with `←` have the additional effect of removing the other direction from the simp set, even if the simp argument itself is unused. If the hint above does not work, try replacing `←` with `-` to only get that effect and silence this warning.

Note: This linter can be disabled with `set_option linter.unusedSimpArgs false`
⚠ [3169/3284] Replayed FreeEntropy.WeylDifferentialProduct
warning: FreeEntropy/WeylDifferentialProduct.lean:28:26: This simp argument is unused:
  pderiv_one

Hint: Omit it from the simp argument list.
  simp [euler,̵ ̵p̵d̵e̵r̵i̵v̵_̵o̵n̵e̵]

Note: This linter can be disabled with `set_option linter.unusedSimpArgs false`
⚠ [3171/3284] Replayed FreeEntropy.WeylCharacterCone
warning: FreeEntropy/WeylCharacterCone.lean:54:34: This simp argument is unused:
  hn

Hint: Omit it from the simp argument list.
  simp [coeff_one, h̵n̵,̵ ̵Ne.symm hn]

Note: This linter can be disabled with `set_option linter.unusedSimpArgs false`
warning: FreeEntropy/WeylCharacterCone.lean:81:69: This simp argument is unused:
  hm1

Hint: Omit it from the simp argument list.
  simp [rootFactor, MvPolynomial.X, coeff_monomial, hm̵1̵,̵ ̵h̵n, Ne.symm hm1, Ne.symm hn]

Note: This linter can be disabled with `set_option linter.unusedSimpArgs false`
warning: FreeEntropy/WeylCharacterCone.lean:81:74: This simp argument is unused:
  hn

Hint: Omit it from the simp argument list.
  simp [rootFactor, MvPolynomial.X, coeff_monomial, hm1, h̵n̵,̵ ̵Ne.symm hm1, Ne.symm hn]

Note: This linter can be disabled with `set_option linter.unusedSimpArgs false`
⚠ [3184/3284] Replayed FreeEntropy.WeylCoefficient
warning: FreeEntropy/WeylCoefficient.lean:26:61: 'simp' tactic does nothing

Note: This linter can be disabled with `set_option linter.unusedTactic false`
warning: FreeEntropy/WeylCoefficient.lean:26:61: this tactic is never executed

Note: This linter can be disabled with `set_option linter.unreachableTactic false`
⚠ [3217/3284] Replayed FreeEntropy.LiePBWDimension
warning: FreeEntropy/LiePBWDimension.lean:125:22: This simp argument is unused:
  Fintype.card_fun

Hint: Omit it from the simp argument list.
  simp [̵F̵i̵n̵t̵y̵p̵e̵.̵c̵a̵r̵d̵_̵f̵u̵n̵,̵ ̵c̵a̵r̵d̵_̵l̵o̵w̵e̵r̵R̵o̵o̵t̵]̵[̲c̲a̲r̲d̲_̲l̲o̲w̲e̲r̲R̲o̲o̲t̲]̲

Note: This linter can be disabled with `set_option linter.unusedSimpArgs false`
⚠ [3227/3284] Replayed FreeEntropy.CanonicalMonomialState
warning: FreeEntropy/CanonicalMonomialState.lean:143:0: automatically included section variable(s) unused in theorem `FreeEntropy.CanonicalMonomials.normalized_diagonal_factor`:
  [Nonempty A]
consider restructuring your `variable` declarations so that the variables are not in scope or explicitly omit them:
  omit [Nonempty A] in theorem ...

Note: This linter can be disabled with `set_option linter.unusedSectionVars false`
warning: FreeEntropy/CanonicalMonomialState.lean:158:29: This simp argument is unused:
  Matrix.diagonal_apply_ne _ hab

Hint: Omit it from the simp argument list.
  simp [Matrix.smul_apply, M̵a̵t̵r̵i̵x̵.̵d̵i̵a̵g̵o̵n̵a̵l̵_̵a̵p̵p̵l̵y̵_̵n̵e̵ ̵_̵ ̵h̵a̵b̵,̵ ̵hab]

Note: This linter can be disabled with `set_option linter.unusedSimpArgs false`
⚠ [3228/3284] Replayed FreeEntropy.CartanGroupCovariance
warning: FreeEntropy/CartanGroupCovariance.lean:77:0: automatically included section variable(s) unused in theorem `FreeEntropy.CartanChannel.phase_conjugation`:
  [DecidableEq C]
consider restructuring your `variable` declarations so that the variables are not in scope or explicitly omit them:
  omit [DecidableEq C] in theorem ...

Note: This linter can be disabled with `set_option linter.unusedSectionVars false`
⚠ [3229/3284] Replayed FreeEntropy.ConstantWeightPhase
warning: FreeEntropy/ConstantWeightPhase.lean:71:0: automatically included section variable(s) unused in theorem `FreeEntropy.CartanChannel.subsingleton_matrix_scalar`:
  [Fintype B]
consider restructuring your `variable` declarations so that the variables are not in scope or explicitly omit them:
  omit [Fintype B] in theorem ...

Note: This linter can be disabled with `set_option linter.unusedSectionVars false`
warning: FreeEntropy/ConstantWeightPhase.lean:82:66: This simp argument is unused:
  Matrix.smul_mul

Hint: Omit it from the simp argument list.
  simp only [Matrix.conjTranspose_smul, Matrix.conjTranspose_one, Matrix.s̵mul_m̵u̵l̵,̵
  ̵ ̵ ̵ ̵ ̵M̵a̵t̵r̵i̵x̵.̵m̵u̵l̵_̵smul, Matrix.one_mul,
  ̲  ̲ ̲ ̲smul_smul, Matrix.smul_apply, Matrix.one_apply_eq,
  ̵  ̵ ̵ ̵smul_eq_mul, mul_one] at h

Note: This linter can be disabled with `set_option linter.unusedSimpArgs false`
warning: FreeEntropy/ConstantWeightPhase.lean:83:21: This simp argument is unused:
  Matrix.one_mul

Hint: Omit it from the simp argument list.
  simp only [Matrix.conjTranspose_smul, Matrix.conjTranspose_one, Matrix.smul_mul, Matrix.mul_smul,
  ̲  ̲ ̲ ̲M̵a̵t̵r̵i̵x̵.̵o̵n̵e̵_̵m̵u̵l̵,̵ ̵smul_smul, Matrix.smul_apply, Matrix.one_apply_eq, smul_eq_mul, mul_one] at h

Note: This linter can be disabled with `set_option linter.unusedSimpArgs false`
warning: FreeEntropy/ConstantWeightPhase.lean:83:37: This simp argument is unused:
  smul_smul

Hint: Omit it from the simp argument list.
  simp only [Matrix.conjTranspose_smul, Matrix.conjTranspose_one, Matrix.smul_mul,
  ̵  ̵ ̵ ̵Matrix.mul_smul,
  ̲  ̲ ̲ ̲Matrix.one_mul, s̵m̵u̵l̵_̵s̵m̵u̵l̵,̵ ̵Matrix.smul_apply, Matrix.one_apply_eq,
  ̵  ̵ ̵ ̵smul_eq_mul, mul_one] at h

Note: This linter can be disabled with `set_option linter.unusedSimpArgs false`
warning: FreeEntropy/ConstantWeightPhase.lean:88:0: automatically included section variable(s) unused in theorem `FreeEntropy.CartanChannel.basisEmbedding_coisometry`:
  [Fintype B]
consider restructuring your `variable` declarations so that the variables are not in scope or explicitly omit them:
  omit [Fintype B] in theorem ...

Note: This linter can be disabled with `set_option linter.unusedSectionVars false`
warning: FreeEntropy/ConstantWeightPhase.lean:103:42: This simp argument is unused:
  Matrix.kronecker_apply

Hint: Omit it from the simp argument list.
  simp [basisEmbedding, Matrix.mul_apply, M̵a̵t̵r̵i̵x̵.̵k̵r̵o̵n̵e̵c̵k̵e̵r̵_̵a̵p̵p̵l̵y̵,̵ ̵Fintype.sum_prod_type, Matrix.smul_apply,
  ̲  ̲ ̲ ̲Matrix.one_apply, ha, mul_comm]

Note: This linter can be disabled with `set_option linter.unusedSimpArgs false`
⚠ [3230/3284] Replayed FreeEntropy.TensorPowersPair
warning: FreeEntropy/TensorPowersPair.lean:68:0: automatically included section variable(s) unused in theorem `FreeEntropy.TensorPowers.pairEmbedding_isometry`:
  [Fintype A]
  [Fintype B]
consider restructuring your `variable` declarations so that the variables are not in scope or explicitly omit them:
  omit [Fintype A] [Fintype B] in theorem ...

Note: This linter can be disabled with `set_option linter.unusedSectionVars false`
warning: FreeEntropy/TensorPowersPair.lean:77:0: automatically included section variable(s) unused in theorem `FreeEntropy.TensorPowers.pairEmbedding_intertwines`:
  [DecidableEq A]
  [DecidableEq B]
consider restructuring your `variable` declarations so that the variables are not in scope or explicitly omit them:
  omit [DecidableEq A] [DecidableEq B] in theorem ...

Note: This linter can be disabled with `set_option linter.unusedSectionVars false`
⚠ [3231/3284] Replayed FreeEntropy.CanonicalCartanCovariance
warning: FreeEntropy/CanonicalCartanCovariance.lean:82:29: This simp argument is unused:
  Matrix.one_kronecker_one

Hint: Omit it from the simp argument list.
  simp [Generators.tensor, Generators.shift, hij, Matrix.kronecker_add, Matrix.kronecker_smul,
  ̲  ̲ ̲ ̲ ̲ ̲M̵a̵t̵r̵i̵x̵.̵o̵n̵e̵_̵k̵r̵o̵n̵e̵c̵k̵e̵r̵_̵o̵n̵e̵,̵ ̵add_assoc]

Note: This linter can be disabled with `set_option linter.unusedSimpArgs false`
warning: FreeEntropy/CanonicalCartanCovariance.lean:115:65: This simp argument is unused:
  smul_eq_mul

Hint: Omit it from the simp argument list.
  simp only [ite_true, Matrix.smul_apply, Matrix.one_apply_eq, s̵m̵u̵l̵_̵e̵q̵_̵m̵u̵l̵,̵ ̵mul_one, one_smul,
  ̲  ̲ ̲ ̲ ̲ ̲Generators.shift_diagonal, Matrix.mul_add]

Note: This linter can be disabled with `set_option linter.unusedSimpArgs false`
warning: FreeEntropy/CanonicalCartanCovariance.lean:115:78: This simp argument is unused:
  mul_one

Hint: Omit it from the simp argument list.
  simp only [ite_true, Matrix.smul_apply, Matrix.one_apply_eq, smul_eq_mul, m̵u̵l̵_̵one,̵
  ̵ ̵ ̵ ̵ ̵ ̵ ̵o̵n̵e̵_smul,
  ̲  ̲ ̲ ̲ ̲ ̲Generators.shift_diagonal, Matrix.mul_add]

Note: This linter can be disabled with `set_option linter.unusedSimpArgs false`
warning: FreeEntropy/CanonicalCartanCovariance.lean:120:15: This simp argument is unused:
  Generators.shift_offdiagonal S c i j hij

Hint: Omit it from the simp argument list.
  simp [hij,̵ ̵G̵e̵n̵e̵r̵a̵t̵o̵r̵s̵.̵s̵h̵i̵f̵t̵_̵o̵f̵f̵d̵i̵a̵g̵o̵n̵a̵l̵ ̵S̵ ̵c̵ ̵i̵ ̵j̵ ̵h̵i̵j̵]

Note: This linter can be disabled with `set_option linter.unusedSimpArgs false`
⚠ [3233/3284] Replayed FreeEntropy.CartanReshuffle
warning: FreeEntropy/CartanReshuffle.lean:26:8: automatically included section variable(s) unused in theorem `FreeEntropy.CartanChoi.reshuffle_unreshuffle`:
  [Fintype A]
  [DecidableEq A]
  [Fintype B]
  [DecidableEq B]
  [Fintype C]
  [DecidableEq C]
consider restructuring your `variable` declarations so that the variables are not in scope or explicitly omit them:
  omit [Fintype A] [DecidableEq A] [Fintype B] [DecidableEq B] [Fintype C] [DecidableEq C] in theorem ...

Note: This linter can be disabled with `set_option linter.unusedSectionVars false`
warning: FreeEntropy/CartanReshuffle.lean:27:8: automatically included section variable(s) unused in theorem `FreeEntropy.CartanChoi.unreshuffle_reshuffle`:
  [Fintype A]
  [DecidableEq A]
  [Fintype B]
  [DecidableEq B]
  [Fintype C]
  [DecidableEq C]
consider restructuring your `variable` declarations so that the variables are not in scope or explicitly omit them:
  omit [Fintype A] [DecidableEq A] [Fintype B] [DecidableEq B] [Fintype C] [DecidableEq C] in theorem ...

Note: This linter can be disabled with `set_option linter.unusedSectionVars false`
warning: FreeEntropy/CartanReshuffle.lean:29:0: automatically included section variable(s) unused in theorem `FreeEntropy.CartanChoi.reshuffle_injective`:
  [Fintype A]
  [DecidableEq A]
  [Fintype B]
  [DecidableEq B]
  [Fintype C]
  [DecidableEq C]
consider restructuring your `variable` declarations so that the variables are not in scope or explicitly omit them:
  omit [Fintype A] [DecidableEq A] [Fintype B] [DecidableEq B] [Fintype C] [DecidableEq C] in theorem ...

Note: This linter can be disabled with `set_option linter.unusedSectionVars false`
warning: FreeEntropy/CartanReshuffle.lean:33:8: automatically included section variable(s) unused in theorem `FreeEntropy.CartanChoi.reshuffle_smul`:
  [Fintype A]
  [DecidableEq A]
  [Fintype B]
  [DecidableEq B]
  [Fintype C]
  [DecidableEq C]
consider restructuring your `variable` declarations so that the variables are not in scope or explicitly omit them:
  omit [Fintype A] [DecidableEq A] [Fintype B] [DecidableEq B] [Fintype C] [DecidableEq C] in theorem ...

Note: This linter can be disabled with `set_option linter.unusedSectionVars false`
warning: FreeEntropy/CartanReshuffle.lean:36:0: automatically included section variable(s) unused in theorem `FreeEntropy.CartanChoi.tensor_mul_entry`:
  [Fintype C]
  [DecidableEq C]
consider restructuring your `variable` declarations so that the variables are not in scope or explicitly omit them:
  omit [Fintype C] [DecidableEq C] in theorem ...

Note: This linter can be disabled with `set_option linter.unusedSectionVars false`
warning: FreeEntropy/CartanReshuffle.lean:42:4: This simp argument is unused:
  Matrix.kronecker_apply

Hint: Omit it from the simp argument list.
  simp [Generators.tensor, Matrix.mul_apply, Fintype.sum_prod_type, M̵a̵t̵r̵i̵x̵.̵k̵r̵o̵n̵e̵c̵k̵e̵r̵_̵a̵p̵p̵l̵y̵,̵ ̵Matrix.one_apply, add_mul,
  ̲  ̲ ̲ ̲Finset.sum_add_distrib, mul_ite, ite_mul]

Note: This linter can be disabled with `set_option linter.unusedSimpArgs false`
warning: FreeEntropy/CartanReshuffle.lean:45:0: automatically included section variable(s) unused in theorem `FreeEntropy.CartanChoi.reshuffle_dual_tensor_entry`:
  [Fintype B]
  [DecidableEq B]
consider restructuring your `variable` declarations so that the variables are not in scope or explicitly omit them:
  omit [Fintype B] [DecidableEq B] in theorem ...

Note: This linter can be disabled with `set_option linter.unusedSectionVars false`
warning: FreeEntropy/CartanReshuffle.lean:51:27: This simp argument is unused:
  Matrix.kronecker_apply

Hint: Omit it from the simp argument list.
  simp [Generators.tensor, Generators.dual, reshuffle, Matrix.mul_apply, Fintype.sum_prod_type,
  ̲  ̲ ̲ ̲M̵a̵t̵r̵i̵x̵.̵k̵r̵o̵n̵e̵c̵k̵e̵r̵_̵a̵p̵p̵l̵y̵,̵ ̵Matrix.one_apply, mul_add, Finset.sum_add_distrib, mul_ite, ite_mul, mul_comm,
      Finset.sum_neg_distrib]

Note: This linter can be disabled with `set_option linter.unusedSimpArgs false`
⚠ [3234/3284] Replayed FreeEntropy.CartanChoi
warning: FreeEntropy/CartanChoi.lean:34:4: This simp argument is unused:
  Finset.sum_mul

Hint: Omit it from the simp argument list.
  simp [choi, sectorMap, core_eq_kraus, Channels.krausMap, sliceKraus, Matrix.mul_apply,
  ̲  ̲ ̲ ̲Matrix.sum_apply, Matrix.single_apply, reshuffle, Matrix.conjTranspose_apply, F̵i̵n̵s̵e̵t̵.̵s̵u̵m̵_̵m̵u̵l̵,̵ ̵Finset.mul_sum,
  ̲  ̲ ̲ ̲mul_assoc, ite_and]

Note: This linter can be disabled with `set_option linter.unusedSimpArgs false`
warning: FreeEntropy/CartanChoi.lean:43:4: This simp argument is unused:
  smul_eq_mul

Hint: Omit it from the simp argument list.
  simp only [choiMap, sectorMap, core_eq_kraus, Channels.krausMap, sliceKraus,
  ̵  ̵ ̵ ̵Matrix.mul_apply,
  ̲  ̲ ̲ ̲Matrix.conjTranspose_apply, Matrix.sum_apply,
  ̵  ̵ ̵ ̵Matrix.smul_apply, reshuffle, Finset.mul_sum,
  ̲  ̲ ̲ ̲Finset.sum_mul, Complex.real_smul,
  ̵  ̵ ̵ ̵sm̵u̵l̵_̵e̵q̵_̵m̵u̵l̵,̵ ̵s̵tar_star]

Note: This linter can be disabled with `set_option linter.unusedSimpArgs false`
warning: FreeEntropy/CartanChoi.lean:60:0: automatically included section variable(s) unused in theorem `FreeEntropy.CartanChoi.reshuffle_trace`:
  [DecidableEq A]
  [DecidableEq B]
  [DecidableEq C]
consider restructuring your `variable` declarations so that the variables are not in scope or explicitly omit them:
  omit [DecidableEq A] [DecidableEq B] [DecidableEq C] in theorem ...

Note: This linter can be disabled with `set_option linter.unusedSectionVars false`
warning: FreeEntropy/CartanChoi.lean:107:0: automatically included section variable(s) unused in theorem `FreeEntropy.CartanChoi.projector_hermitian`:
  [Fintype A]
  [DecidableEq A]
  [DecidableEq B]
  [DecidableEq C]
consider restructuring your `variable` declarations so that the variables are not in scope or explicitly omit them:
  omit [Fintype A] [DecidableEq A] [DecidableEq B] [DecidableEq C] in theorem ...

Note: This linter can be disabled with `set_option linter.unusedSectionVars false`
warning: FreeEntropy/CartanChoi.lean:111:0: automatically included section variable(s) unused in theorem `FreeEntropy.CartanChoi.projector_positive`:
  [DecidableEq A]
  [DecidableEq B]
  [DecidableEq C]
consider restructuring your `variable` declarations so that the variables are not in scope or explicitly omit them:
  omit [DecidableEq A] [DecidableEq B] [DecidableEq C] in theorem ...

Note: This linter can be disabled with `set_option linter.unusedSectionVars false`
warning: FreeEntropy/CartanChoi.lean:144:0: automatically included section variable(s) unused in theorem `FreeEntropy.CartanChoi.embedding_projector`:
  [Fintype A]
  [DecidableEq A]
  [DecidableEq B]
  [DecidableEq C]
consider restructuring your `variable` declarations so that the variables are not in scope or explicitly omit them:
  omit [Fintype A] [DecidableEq A] [DecidableEq B] [DecidableEq C] in theorem ...

Note: This linter can be disabled with `set_option linter.unusedSectionVars false`
warning: FreeEntropy/CartanChoi.lean:161:15: This simp argument is unused:
  Real.mul_self_sqrt (show 0 ≤ (Fintype.card B : ℝ) / Fintype.card C by positivity)

Hint: Omit it from the simp argument list.
  simp only [embedding, Matrix.conjTranspose_smul, star_trivial, Matrix.conjTranspose_conjTranspose,
  ̲  ̲ ̲ ̲Matrix.smul_mul, Matrix.mul_smul, smul_smul, R̵e̵a̵l̵.̵m̵u̵l̵_̵s̵e̵l̵f̵_̵s̵q̵r̵t̵ ̵(̵s̵h̵o̵w̵ ̵0̵ ̵≤̵ ̵(̵F̵i̵n̵t̵y̵p̵e̵.̵c̵a̵r̵d̵ ̵B̵ ̵:̵ ̵ℝ̵)̵ ̵/̵ ̵F̵i̵n̵t̵y̵p̵e̵.̵c̵a̵r̵d̵ ̵C̵ ̵b̵y̵ ̵p̵o̵s̵i̵t̵i̵v̵i̵t̵y̵)̵,̵reshuffle_gram M N S V hV hE]

Note: This linter can be disabled with `set_option linter.unusedSimpArgs false`
⚠ [3239/3284] Replayed FreeEntropy.CanonicalCloningSelf
warning: FreeEntropy/CanonicalCloningSelf.lean:58:0: automatically included section variable(s) unused in theorem `FreeEntropy.CartanLieCloning.trivial_environment_maps_identity`:
  [Nonempty B]
consider restructuring your `variable` declarations so that the variables are not in scope or explicitly omit them:
  omit [Nonempty B] in theorem ...

Note: This linter can be disabled with `set_option linter.unusedSectionVars false`
warning: FreeEntropy/CanonicalCloningSelf.lean:74:24: This simp argument is unused:
  Matrix.kronecker_apply

Hint: Omit it from the simp argument list.
  simp [partialTrace,̵ ̵M̵a̵t̵r̵i̵x̵.̵k̵r̵o̵n̵e̵c̵k̵e̵r̵_̵a̵p̵p̵l̵y̵]

Note: This linter can be disabled with `set_option linter.unusedSimpArgs false`
warning: FreeEntropy/CanonicalCloningSelf.lean:81:10: This simp argument is unused:
  hphase

Hint: Omit it from the simp argument list.
  simp only [Matrix.conjTranspose_smul, Matrix.smul_mul, Matrix.mul_smul, smul_smul, ha, h̵p̵h̵a̵s̵e̵,̵ ̵one_smul,
  ̲  ̲ ̲ ̲ ̲ ̲hcore]

Note: This linter can be disabled with `set_option linter.unusedSimpArgs false`
warning: FreeEntropy/CanonicalCloningSelf.lean:85:6: This simp argument is unused:
  ha

Hint: Omit it from the simp argument list.
  simp only [Matrix.conjTranspose_smul, Matrix.smul_mul, Matrix.mul_smul, smul_smul,
  ̵  ̵ ̵ ̵ ̵ ̵ha̵,̵ ̵h̵phase,
  ̲  ̲ ̲ ̲ ̲ ̲one_smul, hemb, hpart]

Note: This linter can be disabled with `set_option linter.unusedSimpArgs false`
⚠ [3240/3284] Replayed FreeEntropy.CanonicalChoi
warning: FreeEntropy/CanonicalChoi.lean:111:4: 'change _ *ᵥ (W *ᵥ N.highestVector) = _' tactic does nothing

Note: This linter can be disabled with `set_option linter.unusedTactic false`
⚠ [3248/3284] Replayed FreeEntropy.PhysicalCanonicalChannels
warning: FreeEntropy/PhysicalCanonicalChannels.lean:52:0: automatically included section variable(s) unused in theorem `FreeEntropy.SchurWeyl.sectorCanonicalForward_state`:
  [DecidableEq M]
consider restructuring your `variable` declarations so that the variables are not in scope or explicitly omit them:
  omit [DecidableEq M] in theorem ...

Note: This linter can be disabled with `set_option linter.unusedSectionVars false`
warning: FreeEntropy/PhysicalCanonicalChannels.lean:61:0: automatically included section variable(s) unused in theorem `FreeEntropy.SchurWeyl.sectorCanonicalReverse_error`:
  [DecidableEq M]
consider restructuring your `variable` declarations so that the variables are not in scope or explicitly omit them:
  omit [DecidableEq M] in theorem ...

Note: This linter can be disabled with `set_option linter.unusedSectionVars false`
⚠ [3252/3284] Replayed FreeEntropy.ChoiContraction
warning: FreeEntropy/ChoiContraction.lean:21:0: automatically included section variable(s) unused in theorem `FreeEntropy.CartanChoi.choiMap_eq_partialTraceInput`:
  [DecidableEq A]
consider restructuring your `variable` declarations so that the variables are not in scope or explicitly omit them:
  omit [DecidableEq A] in theorem ...

Note: This linter can be disabled with `set_option linter.unusedSectionVars false`
⚠ [3265/3284] Replayed FreeEntropy.LieDualTensor
warning: FreeEntropy/LieDualTensor.lean:16:0: automatically included section variable(s) unused in theorem `FreeEntropy.LieMatrixCasimir.Generators.dual_dual_E`:
  [DecidableEq H]
consider restructuring your `variable` declarations so that the variables are not in scope or explicitly omit them:
  omit [DecidableEq H] in theorem ...

Note: This linter can be disabled with `set_option linter.unusedSectionVars false`
warning: FreeEntropy/LieDualTensor.lean:23:46: This simp argument is unused:
  Matrix.kronecker_apply

Hint: Omit it from the simp argument list.
  simp [Generators.dual, Generators.tensor, M̵a̵t̵r̵i̵x̵.̵k̵r̵o̵n̵e̵c̵k̵e̵r̵_̵a̵p̵p̵l̵y̵,̵ ̵Matrix.one_apply, h1, h2, eq_comm, add_comm]

Note: This linter can be disabled with `set_option linter.unusedSimpArgs false`
warning: FreeEntropy/LieDualTensor.lean:23:70: This simp argument is unused:
  Matrix.one_apply

Hint: Omit it from the simp argument list.
  simp [Generators.dual, Generators.tensor, Matrix.kronecker_apply, M̵a̵t̵r̵i̵x̵.̵o̵n̵e̵_̵a̵p̵p̵l̵y̵,̵
  ̵ ̵ ̵ ̵ ̵ ̵ ̵h1, h2, eq_comm, add_comm]

Note: This linter can be disabled with `set_option linter.unusedSimpArgs false`
warning: FreeEntropy/LieDualTensor.lean:26:0: automatically included section variable(s) unused in theorem `FreeEntropy.LieMatrixCasimir.Generators.conjugate_eq_neg_dual`:
  [DecidableEq H]
consider restructuring your `variable` declarations so that the variables are not in scope or explicitly omit them:
  omit [DecidableEq H] in theorem ...

Note: This linter can be disabled with `set_option linter.unusedSectionVars false`
⚠ [3282/3306] Replayed FreeEntropy.PhysicalUniformError
warning: FreeEntropy/PhysicalUniformError.lean:27:0: automatically included section variable(s) unused in theorem `FreeEntropy.SchurWeyl.physical_error_le_one`:
  [DecidableEq B]
consider restructuring your `variable` declarations so that the variables are not in scope or explicitly omit them:
  omit [DecidableEq B] in theorem ...

Note: This linter can be disabled with `set_option linter.unusedSectionVars false`
warning: FreeEntropy/PhysicalUniformError.lean:48:0: automatically included section variable(s) unused in theorem `FreeEntropy.SchurWeyl.mixedWorstError_le`:
  [DecidableEq B]
consider restructuring your `variable` declarations so that the variables are not in scope or explicitly omit them:
  omit [DecidableEq B] in theorem ...

Note: This linter can be disabled with `set_option linter.unusedSectionVars false`
Build completed successfully (3306 jobs).
'FreeEntropy.AtypicalChannels.replacementKraus' audited in the shared kernel dependency traversal
'FreeEntropy.AtypicalChannels.replacementKraus_normalization' audited in the shared kernel dependency traversal
'FreeEntropy.AtypicalChannels.single_eq_coordinateProjection' audited in the shared kernel dependency traversal
'FreeEntropy.AtypicalChannels.replacementChannel' audited in the shared kernel dependency traversal
'FreeEntropy.AtypicalChannels.replacementChannel_apply' audited in the shared kernel dependency traversal
'FreeEntropy.AtypicalChannels.replacementChannel_state' audited in the shared kernel dependency traversal
'FreeEntropy.AtypicalChannels.defaultReplacement' audited in the shared kernel dependency traversal
'FreeEntropy.AtypicalChannels.defaultReplacement_state' audited in the shared kernel dependency traversal
'FreeEntropy.AtypicalChannels.extendForward' audited in the shared kernel dependency traversal
'FreeEntropy.AtypicalChannels.extendReverse' audited in the shared kernel dependency traversal
'FreeEntropy.AtypicalChannels.extendForward_of_mem' audited in the shared kernel dependency traversal
'FreeEntropy.AtypicalChannels.extendReverse_of_mem' audited in the shared kernel dependency traversal
'FreeEntropy.AtypicalChannels.extendForward_of_not_mem' audited in the shared kernel dependency traversal
'FreeEntropy.AtypicalChannels.extendReverse_of_not_mem' audited in the shared kernel dependency traversal
'FreeEntropy.AtypicalChannels.typical_subtype_roundtrip_error' audited in the shared kernel dependency traversal
'FreeEntropy.ExteriorRepresentation.canonical_cloning_error_ambient_of_auxiliary' audited in the shared kernel dependency traversal
'FreeEntropy.ExteriorRepresentation.canonicalPairRepresentation' audited in the shared kernel dependency traversal
'FreeEntropy.ExteriorRepresentation.canonicalPairPhysicalEmbedding' audited in the shared kernel dependency traversal
'FreeEntropy.ExteriorRepresentation.canonicalPairPhysicalEmbedding_isometry' audited in the shared kernel dependency traversal
'FreeEntropy.ExteriorRepresentation.canonicalPairPhysicalEmbedding_intertwines' audited in the shared kernel dependency traversal
'FreeEntropy.ExteriorRepresentation.canonicalPairPhysicalEmbedding_generators' audited in the shared kernel dependency traversal
'FreeEntropy.ExteriorRepresentation.canonical_pairs_group_intertwiner' audited in the shared kernel dependency traversal
'FreeEntropy.LieMatrixCasimir.Generators.tensor_shift' audited in the shared kernel dependency traversal
'FreeEntropy.LieMatrixCasimir.Generators.intertwines_shift_move' audited in the shared kernel dependency traversal
'FreeEntropy.CartanChannel.basisEmbedding_shift_generators' audited in the shared kernel dependency traversal
'FreeEntropy.ExteriorRepresentation.canonical_signed_intertwiner_phase' audited in the shared kernel dependency traversal
'FreeEntropy.ExteriorRepresentation.specifiedCanonicalCartan_phase' audited in the shared kernel dependency traversal
'FreeEntropy.ExteriorRepresentation.canonicalCartanForward_covariant' audited in the shared kernel dependency traversal
'FreeEntropy.ExteriorRepresentation.canonicalCartanReverse_covariant' audited in the shared kernel dependency traversal
'FreeEntropy.ExteriorRepresentation.canonicalCharacter' audited in the shared kernel dependency traversal
'FreeEntropy.ExteriorRepresentation.canonicalCharacter_eval_one' audited in the shared kernel dependency traversal
'FreeEntropy.ExteriorRepresentation.canonicalCharacter_total_euler' audited in the shared kernel dependency traversal
'FreeEntropy.ExteriorRepresentation.canonicalCharacter_highest_coeff' audited in the shared kernel dependency traversal
'FreeEntropy.ExteriorRepresentation.canonicalCharacter_root_cone' audited in the shared kernel dependency traversal
'FreeEntropy.ExteriorRepresentation.canonicalCharacter_support_degree' audited in the shared kernel dependency traversal
'FreeEntropy.ExteriorRepresentation.canonicalCharacter_radial' audited in the shared kernel dependency traversal
'FreeEntropy.WeylCharacter.denominator_character_eigen' audited in the shared kernel dependency traversal
'FreeEntropy.WeylCharacter.shiftedHighest' audited in the shared kernel dependency traversal
'FreeEntropy.WeylCharacter.shiftedHighest_energy' audited in the shared kernel dependency traversal
'FreeEntropy.ExteriorRepresentation.canonicalCharacter_eigen' audited in the shared kernel dependency traversal
'FreeEntropy.ExteriorRepresentation.canonicalCharacter_numerator_energy' audited in the shared kernel dependency traversal
'FreeEntropy.ExteriorRepresentation.canonicalCharacter_numerator_support_orbit' audited in the shared kernel dependency traversal
'FreeEntropy.ExteriorRepresentation.canonicalCharacter_numerator_highest_coeff' audited in the shared kernel dependency traversal
'FreeEntropy.WeylCharacter.highest_alternant_support_orbit' audited in the shared kernel dependency traversal
'FreeEntropy.ExteriorRepresentation.canonicalCharacter_identity' audited in the shared kernel dependency traversal
'FreeEntropy.ExteriorRepresentation.canonicalCharacter_identity_all' audited in the shared kernel dependency traversal
'FreeEntropy.ExteriorRepresentation.canonicalChoiProjector' audited in the shared kernel dependency traversal
'FreeEntropy.ExteriorRepresentation.canonicalChoiEmbedding' audited in the shared kernel dependency traversal
'FreeEntropy.ExteriorRepresentation.canonicalChoiEmbedding_isometry' audited in the shared kernel dependency traversal
'FreeEntropy.ExteriorRepresentation.canonicalChoiEmbedding_intertwines' audited in the shared kernel dependency traversal
'FreeEntropy.ExteriorRepresentation.canonicalChoiEmbedding_projector' audited in the shared kernel dependency traversal
'FreeEntropy.ExteriorRepresentation.canonicalChoiProjector_hermitian' audited in the shared kernel dependency traversal
'FreeEntropy.ExteriorRepresentation.canonicalChoiProjector_idempotent' audited in the shared kernel dependency traversal
'FreeEntropy.ExteriorRepresentation.canonicalChoiProjector_rank' audited in the shared kernel dependency traversal
'FreeEntropy.ExteriorRepresentation.canonicalChoi_multiplicity_one' audited in the shared kernel dependency traversal
'FreeEntropy.ExteriorRepresentation.canonicalChoi_highest' audited in the shared kernel dependency traversal
'FreeEntropy.ExteriorRepresentation.canonicalChoi_cyclic_range' audited in the shared kernel dependency traversal
'FreeEntropy.ExteriorRepresentation.canonicalChoi_projector_range' audited in the shared kernel dependency traversal
'FreeEntropy.ExteriorRepresentation.canonicalForward_choi' audited in the shared kernel dependency traversal
'FreeEntropy.ExteriorRepresentation.canonicalForward_choiMap' audited in the shared kernel dependency traversal
'FreeEntropy.exists_canonical_lie_unitary' audited in the shared kernel dependency traversal
'FreeEntropy.exists_canonical_group_unitary' audited in the shared kernel dependency traversal
'FreeEntropy.exists_sector_canonical_unitary' audited in the shared kernel dependency traversal
'FreeEntropy.ExteriorRepresentation.canonicalCartanForward' audited in the shared kernel dependency traversal
'FreeEntropy.ExteriorRepresentation.canonicalCartanReverse' audited in the shared kernel dependency traversal
'FreeEntropy.ExteriorRepresentation.canonical_cloning_error' audited in the shared kernel dependency traversal
'FreeEntropy.ExteriorRepresentation.cloningCountRank_constant_eq' audited in the shared kernel dependency traversal
'FreeEntropy.ExteriorRepresentation.canonical_cloning_accuracy_bounds' audited in the shared kernel dependency traversal
'FreeEntropy.ExteriorRepresentation.canonical_cloning_accuracy_rows' audited in the shared kernel dependency traversal
'FreeEntropy.ExteriorRepresentation.canonical_cloning_error_of_auxiliary' audited in the shared kernel dependency traversal
'FreeEntropy.ExteriorRepresentation.canonicalForward_covariant' audited in the shared kernel dependency traversal
'FreeEntropy.ExteriorRepresentation.canonicalReverse_covariant' audited in the shared kernel dependency traversal
'FreeEntropy.ExteriorRepresentation.canonicalForward_orbit_error_eq' audited in the shared kernel dependency traversal
'FreeEntropy.ExteriorRepresentation.canonicalReverse_orbit_error_eq' audited in the shared kernel dependency traversal
'FreeEntropy.CartanLieCloning.CyclicWeightModel.trivial_environment_phase' audited in the shared kernel dependency traversal
'FreeEntropy.CartanLieCloning.trivial_environment_maps_identity' audited in the shared kernel dependency traversal
'FreeEntropy.ExteriorRepresentation.canonicalCartan_self_apply' audited in the shared kernel dependency traversal
'FreeEntropy.ExteriorRepresentation.canonicalForward_eq_cartan_apply' audited in the shared kernel dependency traversal
'FreeEntropy.ExteriorRepresentation.canonicalReverse_eq_cartan_apply' audited in the shared kernel dependency traversal
'FreeEntropy.ExteriorRepresentation.targetCanonicalRow' audited in the shared kernel dependency traversal
'FreeEntropy.ExteriorRepresentation.canonicalAverageError' audited in the shared kernel dependency traversal
'FreeEntropy.ExteriorRepresentation.theorem1_canonical_orbit_converse' audited in the shared kernel dependency traversal
'FreeEntropy.ExteriorRepresentation.canonical_dimension_eq_GT' audited in the shared kernel dependency traversal
'FreeEntropy.ExteriorRepresentation.canonical_dimension_fullWeyl' audited in the shared kernel dependency traversal
'FreeEntropy.ExteriorRepresentation.canonical_dimension_activeWeyl' audited in the shared kernel dependency traversal
'FreeEntropy.ExteriorRepresentation.targetNaturalRow' audited in the shared kernel dependency traversal
'FreeEntropy.ExteriorRepresentation.targetNaturalRow_cast_int' audited in the shared kernel dependency traversal
'FreeEntropy.ExteriorRepresentation.targetNaturalRow_cast' audited in the shared kernel dependency traversal
'FreeEntropy.ExteriorRepresentation.targetNaturalRow_antitone' audited in the shared kernel dependency traversal
'FreeEntropy.ExteriorRepresentation.targetCanonicalDimension' audited in the shared kernel dependency traversal
'FreeEntropy.ExteriorRepresentation.targetCanonicalDimension_eq_GT' audited in the shared kernel dependency traversal
'FreeEntropy.ExteriorRepresentation.targetCanonicalDimension_pos' audited in the shared kernel dependency traversal
'FreeEntropy.ExteriorRepresentation.targetCanonicalDimension_weyl' audited in the shared kernel dependency traversal
'FreeEntropy.ExteriorRepresentation.targetCanonicalDimension_log_asymptotic' audited in the shared kernel dependency traversal
'FreeEntropy.ExteriorRepresentation.extendRow' audited in the shared kernel dependency traversal
'FreeEntropy.ExteriorRepresentation.extendRow_apply' audited in the shared kernel dependency traversal
'FreeEntropy.ExteriorRepresentation.rowL1_extendRow' audited in the shared kernel dependency traversal
'FreeEntropy.ExteriorRepresentation.canonical_dimension_extended' audited in the shared kernel dependency traversal
'FreeEntropy.ExteriorRepresentation.dimensionRatio_eq_extended' audited in the shared kernel dependency traversal
'FreeEntropy.ExteriorRepresentation.canonical_dimensionRatio_pos_le_one' audited in the shared kernel dependency traversal
'FreeEntropy.ExteriorRepresentation.canonical_dimensionRatio_deficit' audited in the shared kernel dependency traversal
'FreeEntropy.ExteriorRepresentation.canonicalAuxiliary_dual_cyclic_highest' audited in the shared kernel dependency traversal
'FreeEntropy.CartanLieCloning.CyclicWeightModel.ReverseWeightClosed' audited in the shared kernel dependency traversal
'FreeEntropy.CartanLieCloning.CyclicWeightModel.reverseWeightClosed_shift' audited in the shared kernel dependency traversal
'FreeEntropy.CartanLieCloning.CyclicWeightModel.exists_lowest_basis' audited in the shared kernel dependency traversal
'FreeEntropy.CartanLieCloning.CyclicWeightModel.lowest_basis_lowering_zero' audited in the shared kernel dependency traversal
'FreeEntropy.CartanLieCloning.CyclicWeightModel.exists_dual_highest' audited in the shared kernel dependency traversal
'FreeEntropy.ExteriorRepresentation.canonicalWeightModel_reverseWeightClosed' audited in the shared kernel dependency traversal
'FreeEntropy.ExteriorRepresentation.canonicalAuxiliaryModel_reverseWeightClosed' audited in the shared kernel dependency traversal
'FreeEntropy.ExteriorRepresentation.canonicalAuxiliary_dual_highest' audited in the shared kernel dependency traversal
'FreeEntropy.ExteriorRepresentation.reverse_increment_dominant' audited in the shared kernel dependency traversal
'FreeEntropy.ExteriorRepresentation.cloningCountRank' audited in the shared kernel dependency traversal
'FreeEntropy.ExteriorRepresentation.canonicalForward' audited in the shared kernel dependency traversal
'FreeEntropy.ExteriorRepresentation.canonicalReverse' audited in the shared kernel dependency traversal
'FreeEntropy.ExteriorRepresentation.canonicalForward_self' audited in the shared kernel dependency traversal
'FreeEntropy.ExteriorRepresentation.canonicalReverse_self' audited in the shared kernel dependency traversal
'FreeEntropy.ExteriorRepresentation.canonical_cloning_error_all_ranks' audited in the shared kernel dependency traversal
'FreeEntropy.ExteriorRepresentation.canonical_cloning_error_rows' audited in the shared kernel dependency traversal
'FreeEntropy.CanonicalMonomials.prefixProduct' audited in the shared kernel dependency traversal
'FreeEntropy.CanonicalMonomials.prefixProduct_succ' audited in the shared kernel dependency traversal
'FreeEntropy.CanonicalMonomials.spectrum_recurrence' audited in the shared kernel dependency traversal
'FreeEntropy.CanonicalMonomials.spectrum_prefixProduct' audited in the shared kernel dependency traversal
'FreeEntropy.CanonicalMonomials.suffix' audited in the shared kernel dependency traversal
'FreeEntropy.CanonicalMonomials.monomial_factor' audited in the shared kernel dependency traversal
'FreeEntropy.CanonicalMonomials.suffix_eq_of_cone' audited in the shared kernel dependency traversal
'FreeEntropy.CanonicalMonomials.monomial_relative' audited in the shared kernel dependency traversal
'FreeEntropy.CanonicalMonomials.canonical_monomial_relative' audited in the shared kernel dependency traversal
'FreeEntropy.CanonicalMonomials.highest_monomial_pos' audited in the shared kernel dependency traversal
'FreeEntropy.CanonicalMonomials.normalized_diagonal_factor' audited in the shared kernel dependency traversal
'FreeEntropy.SchurWeyl.canonicalMonomialState_eq_relativeState' audited in the shared kernel dependency traversal
'FreeEntropy.ExteriorRepresentation.canonicalWeightRepresentation' audited in the shared kernel dependency traversal
'FreeEntropy.ExteriorRepresentation.canonicalWeightRepresentation_unitary' audited in the shared kernel dependency traversal
'FreeEntropy.ExteriorRepresentation.canonicalWeightRepresentation_continuous' audited in the shared kernel dependency traversal
'FreeEntropy.ExteriorRepresentation.canonicalWeightRepresentation_irreducible' audited in the shared kernel dependency traversal
'FreeEntropy.ExteriorRepresentation.canonicalOrbitState' audited in the shared kernel dependency traversal
'FreeEntropy.ExteriorRepresentation.canonicalRelativeState_positive' audited in the shared kernel dependency traversal
'FreeEntropy.ExteriorRepresentation.canonicalRelativeState_trace' audited in the shared kernel dependency traversal
'FreeEntropy.ExteriorRepresentation.canonicalOrbitState_positive' audited in the shared kernel dependency traversal
'FreeEntropy.ExteriorRepresentation.canonicalOrbitState_trace' audited in the shared kernel dependency traversal
'FreeEntropy.ExteriorRepresentation.canonicalOrbitState_continuous' audited in the shared kernel dependency traversal
'FreeEntropy.ExteriorRepresentation.canonical_orbit_memory_bound' audited in the shared kernel dependency traversal
'FreeEntropy.Petz.recovery' audited in the shared kernel dependency traversal
'FreeEntropy.Petz.sqrt_scalar_one' audited in the shared kernel dependency traversal
'FreeEntropy.Petz.inv_scalar_one' audited in the shared kernel dependency traversal
'FreeEntropy.Petz.sqrt_maximallyMixed' audited in the shared kernel dependency traversal
'FreeEntropy.Petz.inv_sqrt_maximallyMixed' audited in the shared kernel dependency traversal
'FreeEntropy.Petz.recovery_maximallyMixed' audited in the shared kernel dependency traversal
'FreeEntropy.ExteriorRepresentation.canonicalAdjoint' audited in the shared kernel dependency traversal
'FreeEntropy.ExteriorRepresentation.canonicalAdjoint_eq_sectorAdjoint' audited in the shared kernel dependency traversal
'FreeEntropy.ExteriorRepresentation.canonicalAdjoint_hilbertSchmidt' audited in the shared kernel dependency traversal
'FreeEntropy.ExteriorRepresentation.canonicalAdjoint_unique' audited in the shared kernel dependency traversal
'FreeEntropy.ExteriorRepresentation.canonicalReverse_eq_normalized_adjoint' audited in the shared kernel dependency traversal
'FreeEntropy.ExteriorRepresentation.canonicalForward_maximallyMixed' audited in the shared kernel dependency traversal
'FreeEntropy.ExteriorRepresentation.canonicalPetz_eq_reverse' audited in the shared kernel dependency traversal
'FreeEntropy.SchurWeyl.canonicalTensorSource_covariance' audited in the shared kernel dependency traversal
'FreeEntropy.SchurWeyl.canonicalTensorState_covariance' audited in the shared kernel dependency traversal
'FreeEntropy.SchurWeyl.canonicalWeightTensorState' audited in the shared kernel dependency traversal
'FreeEntropy.SchurWeyl.canonicalWeightTensorState_diagonal_orbit' audited in the shared kernel dependency traversal
'FreeEntropy.SchurWeyl.sectorWeightCanonicalUnitary' audited in the shared kernel dependency traversal
'FreeEntropy.SchurWeyl.sectorWeightCanonicalUnitary_isometry' audited in the shared kernel dependency traversal
'FreeEntropy.SchurWeyl.sectorWeightCanonicalUnitary_coisometry' audited in the shared kernel dependency traversal
'FreeEntropy.SchurWeyl.sectorState_canonicalWeight' audited in the shared kernel dependency traversal
'FreeEntropy.ExteriorRepresentation.canonicalReverseChoiProjector' audited in the shared kernel dependency traversal
'FreeEntropy.ExteriorRepresentation.canonicalReverseChoiEmbedding' audited in the shared kernel dependency traversal
'FreeEntropy.ExteriorRepresentation.canonicalReverseChoiEmbedding_isometry' audited in the shared kernel dependency traversal
'FreeEntropy.ExteriorRepresentation.canonicalReverseChoiEmbedding_projector' audited in the shared kernel dependency traversal
'FreeEntropy.ExteriorRepresentation.canonicalReverseChoiProjector_hermitian' audited in the shared kernel dependency traversal
'FreeEntropy.ExteriorRepresentation.canonicalReverseChoiProjector_idempotent' audited in the shared kernel dependency traversal
'FreeEntropy.ExteriorRepresentation.canonicalReverseChoiProjector_rank' audited in the shared kernel dependency traversal
'FreeEntropy.ExteriorRepresentation.canonicalReverseChoiProjector_eq_flip' audited in the shared kernel dependency traversal
'FreeEntropy.ExteriorRepresentation.canonicalReverseChoiProjector_positive' audited in the shared kernel dependency traversal
'FreeEntropy.ExteriorRepresentation.canonicalReverse_choi' audited in the shared kernel dependency traversal
'FreeEntropy.ExteriorRepresentation.canonicalReverse_choiMap' audited in the shared kernel dependency traversal
'FreeEntropy.ExteriorRepresentation.differenceNorm' audited in the shared kernel dependency traversal
'FreeEntropy.ExteriorRepresentation.differenceNorm_cast' audited in the shared kernel dependency traversal
'FreeEntropy.ExteriorRepresentation.differenceNorm_zero_iff' audited in the shared kernel dependency traversal
'FreeEntropy.ExteriorRepresentation.differenceNorm_pos' audited in the shared kernel dependency traversal
'FreeEntropy.ExteriorRepresentation.supportedGapIndices' audited in the shared kernel dependency traversal
'FreeEntropy.ExteriorRepresentation.supportedGapIndices_nonempty' audited in the shared kernel dependency traversal
'FreeEntropy.ExteriorRepresentation.minimumRowGap' audited in the shared kernel dependency traversal
'FreeEntropy.ExteriorRepresentation.minimumRowGap_le' audited in the shared kernel dependency traversal
'FreeEntropy.ExteriorRepresentation.minimumRowGap_cast_le' audited in the shared kernel dependency traversal
'FreeEntropy.ExteriorRepresentation.le_minimumRowGap' audited in the shared kernel dependency traversal
'FreeEntropy.CartanBalance.partialTrace_range_commutes' audited in the shared kernel dependency traversal
'FreeEntropy.CartanBalance.partialTrace_range_scalar' audited in the shared kernel dependency traversal
'FreeEntropy.CartanBalance.balance_of_irreducible' audited in the shared kernel dependency traversal
'FreeEntropy.CartanBalance.cartanChannelOfIrreducible' audited in the shared kernel dependency traversal
'FreeEntropy.CartanBalance.cartanChannelOfIrreducible_apply' audited in the shared kernel dependency traversal
'FreeEntropy.CartanChannel.sectorMap' audited in the shared kernel dependency traversal
'FreeEntropy.CartanChannel.partialTrace' audited in the shared kernel dependency traversal
'FreeEntropy.CartanChannel.trace_tensor_pairing' audited in the shared kernel dependency traversal
'FreeEntropy.CartanChannel.sliceKraus' audited in the shared kernel dependency traversal
'FreeEntropy.CartanChannel.core_eq_kraus' audited in the shared kernel dependency traversal
'FreeEntropy.CartanChannel.slice_normalization' audited in the shared kernel dependency traversal
'FreeEntropy.CartanChannel.krausMap_sqrt_smul' audited in the shared kernel dependency traversal
'FreeEntropy.CartanChannel.cartanKraus' audited in the shared kernel dependency traversal
'FreeEntropy.CartanChannel.sectorMap_eq_kraus' audited in the shared kernel dependency traversal
'FreeEntropy.CartanChannel.sectorMap_completely_positive' audited in the shared kernel dependency traversal
'FreeEntropy.CartanChannel.cartanKraus_normalization' audited in the shared kernel dependency traversal
'FreeEntropy.CartanChannel.cartanChannel' audited in the shared kernel dependency traversal
'FreeEntropy.CartanChannel.cartanChannel_apply' audited in the shared kernel dependency traversal
'FreeEntropy.CartanChannel.reverseKraus' audited in the shared kernel dependency traversal
'FreeEntropy.CartanChannel.reverseMap' audited in the shared kernel dependency traversal
'FreeEntropy.CartanChannel.reverseMap_eq_kraus' audited in the shared kernel dependency traversal
'FreeEntropy.CartanChannel.reverseKraus_normalization' audited in the shared kernel dependency traversal
'FreeEntropy.CartanChannel.reverseChannel' audited in the shared kernel dependency traversal
'FreeEntropy.CartanChannel.reverseChannel_apply' audited in the shared kernel dependency traversal
'FreeEntropy.CartanChannel.partialTraceChannel' audited in the shared kernel dependency traversal
'FreeEntropy.CartanChannel.partialTraceChannel_apply' audited in the shared kernel dependency traversal
'FreeEntropy.CartanChannel.embeddingChannel' audited in the shared kernel dependency traversal
'FreeEntropy.CartanChannel.embeddingChannel_apply' audited in the shared kernel dependency traversal
'FreeEntropy.CartanChannel.sectorAdjoint' audited in the shared kernel dependency traversal
'FreeEntropy.CartanChannel.sectorMap_trace_pairing' audited in the shared kernel dependency traversal
'FreeEntropy.CartanChannel.sectorMap_conjTranspose' audited in the shared kernel dependency traversal
'FreeEntropy.CartanChannel.sectorMap_hilbertSchmidt_pairing' audited in the shared kernel dependency traversal
'FreeEntropy.CartanChannel.normalized_adjoint_eq_reverse' audited in the shared kernel dependency traversal
'FreeEntropy.CartanChannel.embedded_sectorMap' audited in the shared kernel dependency traversal
'FreeEntropy.CartanChannel.sectorMap_maximally_mixed' audited in the shared kernel dependency traversal
'FreeEntropy.CartanChannel.trace_partialTrace' audited in the shared kernel dependency traversal
'FreeEntropy.CartanChannel.balance_of_scalar' audited in the shared kernel dependency traversal
'FreeEntropy.CartanChannel.cartanChannelOfScalar' audited in the shared kernel dependency traversal
'FreeEntropy.CartanChannel.partialTrace_tensor_conjugation' audited in the shared kernel dependency traversal
'FreeEntropy.CartanChannel.reverseMap_covariant' audited in the shared kernel dependency traversal
'FreeEntropy.CartanChannel.sectorMap_covariant' audited in the shared kernel dependency traversal
'FreeEntropy.CartanChannel.basisEmbedding' audited in the shared kernel dependency traversal
'FreeEntropy.CartanChannel.basisEmbedding_isometry' audited in the shared kernel dependency traversal
'FreeEntropy.CartanChannel.sliceKraus_eq_compression' audited in the shared kernel dependency traversal
'FreeEntropy.CartanChannel.reverseKraus_eq_compression' audited in the shared kernel dependency traversal
'FreeEntropy.CartanChannel.embedded_cartan_branch' audited in the shared kernel dependency traversal
'FreeEntropy.CartanChannel.forward_retained_branch_le' audited in the shared kernel dependency traversal
'FreeEntropy.CartanChannel.reverse_retained_branch_le' audited in the shared kernel dependency traversal
'FreeEntropy.CartanChoi.choi' audited in the shared kernel dependency traversal
'FreeEntropy.CartanChoi.choiMap' audited in the shared kernel dependency traversal
'FreeEntropy.CartanChoi.choi_sectorMap' audited in the shared kernel dependency traversal
'FreeEntropy.CartanChoi.choiMap_sectorMap' audited in the shared kernel dependency traversal
'FreeEntropy.CartanChoi.reshuffle_trace' audited in the shared kernel dependency traversal
'FreeEntropy.CartanChoi.reshuffle_gram' audited in the shared kernel dependency traversal
'FreeEntropy.CartanChoi.projector' audited in the shared kernel dependency traversal
'FreeEntropy.CartanChoi.projector_hermitian' audited in the shared kernel dependency traversal
'FreeEntropy.CartanChoi.projector_positive' audited in the shared kernel dependency traversal
'FreeEntropy.CartanChoi.projector_idempotent' audited in the shared kernel dependency traversal
'FreeEntropy.CartanChoi.choi_eq_scaled_projector' audited in the shared kernel dependency traversal
'FreeEntropy.CartanChoi.embedding' audited in the shared kernel dependency traversal
'FreeEntropy.CartanChoi.embedding_projector' audited in the shared kernel dependency traversal
'FreeEntropy.CartanChoi.embedding_isometry' audited in the shared kernel dependency traversal
'FreeEntropy.CartanChoi.embedding_intertwines' audited in the shared kernel dependency traversal
'FreeEntropy.CartanChoi.projector_rank' audited in the shared kernel dependency traversal
'FreeEntropy.CartanChoi.projector_trace' audited in the shared kernel dependency traversal
'FreeEntropy.CartanChoi.dualIntertwiners' audited in the shared kernel dependency traversal
'FreeEntropy.CartanChoi.tensorHomEquiv' audited in the shared kernel dependency traversal
'FreeEntropy.CartanChoi.dual_intertwiner_scalar' audited in the shared kernel dependency traversal
'FreeEntropy.CartanChoi.dualIntertwiners_finrank' audited in the shared kernel dependency traversal
'FreeEntropy.CartanChoi.dualEmbeddings' audited in the shared kernel dependency traversal
'FreeEntropy.CartanChoi.dual_intertwiner_adjoint' audited in the shared kernel dependency traversal
'FreeEntropy.CartanChoi.dual_embedding_adjoint' audited in the shared kernel dependency traversal
'FreeEntropy.CartanChoi.dual_embedding_scalar' audited in the shared kernel dependency traversal
'FreeEntropy.CartanChoi.dualEmbeddings_eq_span' audited in the shared kernel dependency traversal
'FreeEntropy.CartanChoi.dualEmbeddings_finrank' audited in the shared kernel dependency traversal
'FreeEntropy.CartanCloning.isometry_pullback' audited in the shared kernel dependency traversal
'FreeEntropy.CartanCloning.range_pullback' audited in the shared kernel dependency traversal
'FreeEntropy.CartanCloning.isStarProjection_embedding' audited in the shared kernel dependency traversal
'FreeEntropy.CartanCloning.rectangular_compression_mono' audited in the shared kernel dependency traversal
'FreeEntropy.CartanCloning.forward_branch_unembedded' audited in the shared kernel dependency traversal
'FreeEntropy.CartanCloning.ofWeightBlocks' audited in the shared kernel dependency traversal
'FreeEntropy.CartanCloning.ofWeightBlocksOfIrreducible' audited in the shared kernel dependency traversal
'FreeEntropy.SchurWeyl.restrictedGenerators_eq_of_intertwines' audited in the shared kernel dependency traversal
'FreeEntropy.SchurWeyl.group_intertwiner_of_physical_generators' audited in the shared kernel dependency traversal
'FreeEntropy.ExteriorRepresentation.canonicalPhysicalWeightEmbedding_intertwines' audited in the shared kernel dependency traversal
'FreeEntropy.CartanChannel.phase_conjugation' audited in the shared kernel dependency traversal
'FreeEntropy.CartanChannel.sectorMap_covariant_phase' audited in the shared kernel dependency traversal
'FreeEntropy.CartanChannel.reverseMap_covariant_phase' audited in the shared kernel dependency traversal
'FreeEntropy.LiePBW.intertwiner_ext_of_cyclic' audited in the shared kernel dependency traversal
'FreeEntropy.CartanLieCloning.tensor_top_vector_support' audited in the shared kernel dependency traversal
'FreeEntropy.CartanLieCloning.tensor_intertwiner_highest_weight' audited in the shared kernel dependency traversal
'FreeEntropy.CartanLieCloning.tensor_intertwiner_scalar' audited in the shared kernel dependency traversal
'FreeEntropy.CartanLieCloning.tensorIntertwiners' audited in the shared kernel dependency traversal
'FreeEntropy.CartanLieCloning.tensorIntertwiners_eq_span' audited in the shared kernel dependency traversal
'FreeEntropy.CartanLieCloning.tensorIntertwiners_finrank' audited in the shared kernel dependency traversal
'FreeEntropy.CartanLieCloning.weightDiagonal_mul_projector' audited in the shared kernel dependency traversal
'FreeEntropy.CartanLieCloning.basis_projector' audited in the shared kernel dependency traversal
'FreeEntropy.CartanLieCloning.basisEmbedding_sandwich' audited in the shared kernel dependency traversal
'FreeEntropy.CartanLieCloning.diagonal_mul_basis_projector' audited in the shared kernel dependency traversal
'FreeEntropy.CartanLieCloning.mul_basis_projector_eq_zero' audited in the shared kernel dependency traversal
'FreeEntropy.CartanLieCloning.CyclicWeightModel.casimir_scalar' audited in the shared kernel dependency traversal
'FreeEntropy.CartanLieCloning.CyclicWeightModel.exists_highest_basis' audited in the shared kernel dependency traversal
'FreeEntropy.CartanLieCloning.CyclicWeightModel.highestBasis' audited in the shared kernel dependency traversal
'FreeEntropy.CartanLieCloning.CyclicWeightModel.highestBasis_weight' audited in the shared kernel dependency traversal
'FreeEntropy.CartanLieCloning.generator_weight_shift' audited in the shared kernel dependency traversal
'FreeEntropy.CartanLieCloning.CyclicWeightModel.highest_basis_raise' audited in the shared kernel dependency traversal
'FreeEntropy.CartanLieCloning.TensorDecomposition.local_gap' audited in the shared kernel dependency traversal
'FreeEntropy.CartanLieCloning.tensor_weight_deficit' audited in the shared kernel dependency traversal
'FreeEntropy.CartanLieCloning.weightMultiplicity' audited in the shared kernel dependency traversal
'FreeEntropy.CartanLieCloning.trace_weightProjector' audited in the shared kernel dependency traversal
'FreeEntropy.CartanLieCloning.ofCyclicWeightDecompositionOfIrreducible' audited in the shared kernel dependency traversal
'FreeEntropy.CartanLieCloning.tensor_basisEmbedding_raise' audited in the shared kernel dependency traversal
'FreeEntropy.CartanLieCloning.cartanSlice_raise' audited in the shared kernel dependency traversal
'FreeEntropy.CartanLieCloning.cartan_top_entry_ne_zero' audited in the shared kernel dependency traversal
'FreeEntropy.CartanLieCloning.cartanSlice_injective' audited in the shared kernel dependency traversal
'FreeEntropy.CartanLieCloning.cartanSlice_weight' audited in the shared kernel dependency traversal
'FreeEntropy.CartanLieCloning.weight_multiplicity_add_le' audited in the shared kernel dependency traversal
'FreeEntropy.CartanChoi.reshuffle' audited in the shared kernel dependency traversal
'FreeEntropy.CartanChoi.unreshuffle' audited in the shared kernel dependency traversal
'FreeEntropy.CartanChoi.reshuffle_unreshuffle' audited in the shared kernel dependency traversal
'FreeEntropy.CartanChoi.unreshuffle_reshuffle' audited in the shared kernel dependency traversal
'FreeEntropy.CartanChoi.reshuffle_injective' audited in the shared kernel dependency traversal
'FreeEntropy.CartanChoi.reshuffle_smul' audited in the shared kernel dependency traversal
'FreeEntropy.CartanChoi.tensor_mul_entry' audited in the shared kernel dependency traversal
'FreeEntropy.CartanChoi.reshuffle_dual_tensor_entry' audited in the shared kernel dependency traversal
'FreeEntropy.CartanChoi.reshuffle_intertwines_iff' audited in the shared kernel dependency traversal
'FreeEntropy.CartanTraceCloning.trace_isometry_embedding' audited in the shared kernel dependency traversal
'FreeEntropy.CartanTraceCloning.range_support_embedding' audited in the shared kernel dependency traversal
'FreeEntropy.CartanTraceCloning.trace_compressed_deficit' audited in the shared kernel dependency traversal
'FreeEntropy.CartanTraceCloning.ofWeightBlocks' audited in the shared kernel dependency traversal
'FreeEntropy.CartanTraceCloning.ofWeightBlocksOfCasimir' audited in the shared kernel dependency traversal
'FreeEntropy.CartanTraceCloning.ofWeightBlocksOfCasimirOfIrreducible' audited in the shared kernel dependency traversal
'FreeEntropy.CartanTraceCloning.ofCappedCasimirWeightBlocksOfIrreducible' audited in the shared kernel dependency traversal
'FreeEntropy.CartanTraceCloning.ofCappedCasimirWeightBlocks' audited in the shared kernel dependency traversal
'FreeEntropy.LieMatrixCasimir.Generators.casimir_commutes' audited in the shared kernel dependency traversal
'FreeEntropy.LieMatrixCasimir.Generators.wordMatrix' audited in the shared kernel dependency traversal
'FreeEntropy.LieMatrixCasimir.Generators.casimir_commutes_word' audited in the shared kernel dependency traversal
'FreeEntropy.LieMatrixCasimir.Generators.casimir_on_highest_word' audited in the shared kernel dependency traversal
'FreeEntropy.LieMatrixCasimir.Generators.cyclicSpan' audited in the shared kernel dependency traversal
'FreeEntropy.LieMatrixCasimir.Generators.casimir_on_cyclicSpan' audited in the shared kernel dependency traversal
'FreeEntropy.LieMatrixCasimir.Generators.casimir_eq_scalar_of_cyclic' audited in the shared kernel dependency traversal
'FreeEntropy.CasimirDecomposition.prefix_offset' audited in the shared kernel dependency traversal
'FreeEntropy.CasimirDecomposition.coefficient_le_of_weight_cones' audited in the shared kernel dependency traversal
'FreeEntropy.CasimirDecomposition.operator_eq_sum_of_eigen_embeddings' audited in the shared kernel dependency traversal
'FreeEntropy.CasimirDecomposition.sector_eq_sum_of_intertwining' audited in the shared kernel dependency traversal
'FreeEntropy.CasimirDecomposition.local_gap_of_eigen_embeddings' audited in the shared kernel dependency traversal
'FreeEntropy.CasimirDecomposition.local_gap_of_highest_weights' audited in the shared kernel dependency traversal
'FreeEntropy.CasimirDecomposition.local_gap_of_cyclic_weight_decomposition' audited in the shared kernel dependency traversal
'FreeEntropy.CasimirTrace.traceDeficit' audited in the shared kernel dependency traversal
'FreeEntropy.CasimirTrace.projection_pos' audited in the shared kernel dependency traversal
'FreeEntropy.CasimirTrace.projection_deficit_pos' audited in the shared kernel dependency traversal
'FreeEntropy.CasimirTrace.projection_sandwich_pos' audited in the shared kernel dependency traversal
'FreeEntropy.CasimirTrace.trace_projection_sandwich' audited in the shared kernel dependency traversal
'FreeEntropy.CasimirTrace.traceDeficit_eq' audited in the shared kernel dependency traversal
'FreeEntropy.CasimirTrace.traceDeficit_nonneg' audited in the shared kernel dependency traversal
'FreeEntropy.CasimirTrace.traceDeficit_le_trace' audited in the shared kernel dependency traversal
'FreeEntropy.CasimirTrace.traceDeficit_sub_reverse' audited in the shared kernel dependency traversal
'FreeEntropy.CasimirTrace.traceDeficit_eq_reverse_of_trace_eq' audited in the shared kernel dependency traversal
'FreeEntropy.CasimirTrace.trace_mono' audited in the shared kernel dependency traversal
'FreeEntropy.CasimirTrace.reverse_traceDeficit_le_of_gap' audited in the shared kernel dependency traversal
'FreeEntropy.CasimirTrace.reverse_traceDeficit_le_of_compression' audited in the shared kernel dependency traversal
'FreeEntropy.CasimirTrace.forward_traceDeficit_le_of_gap' audited in the shared kernel dependency traversal
'FreeEntropy.CasimirTrace.traceDeficits_le_min_of_compression' audited in the shared kernel dependency traversal
'FreeEntropy.CasimirTrace.reverse_traceDeficit_le_of_local_gap' audited in the shared kernel dependency traversal
'FreeEntropy.CasimirTrace.forward_traceDeficit_le_of_local_gap' audited in the shared kernel dependency traversal
'FreeEntropy.CasimirTrace.traceDeficits_le_min_of_local_gap' audited in the shared kernel dependency traversal
'FreeEntropy.CasimirTrace.coordinateSector' audited in the shared kernel dependency traversal
'FreeEntropy.CasimirTrace.coordinateSector_isStarProjection' audited in the shared kernel dependency traversal
'FreeEntropy.CasimirTrace.eigenSector' audited in the shared kernel dependency traversal
'FreeEntropy.CasimirTrace.eigenSector_isStarProjection' audited in the shared kernel dependency traversal
'FreeEntropy.CasimirTrace.eigenSector_trace' audited in the shared kernel dependency traversal
'FreeEntropy.CasimirTrace.spectral_gap_of_eigenvalues' audited in the shared kernel dependency traversal
'FreeEntropy.CasimirTrace.traceDeficits_le_min_of_eigenvalues' audited in the shared kernel dependency traversal
'FreeEntropy.CasimirTrace.local_spectral_gap_of_eigenvalues' audited in the shared kernel dependency traversal
'FreeEntropy.CasimirTrace.traceDeficits_le_min_of_local_eigenvalues' audited in the shared kernel dependency traversal
'FreeEntropy.CasimirWeights.left' audited in the shared kernel dependency traversal
'FreeEntropy.CasimirWeights.right' audited in the shared kernel dependency traversal
'FreeEntropy.CasimirWeights.simpleRoot' audited in the shared kernel dependency traversal
'FreeEntropy.CasimirWeights.offset' audited in the shared kernel dependency traversal
'FreeEntropy.CasimirWeights.depth' audited in the shared kernel dependency traversal
'FreeEntropy.CasimirWeights.dot' audited in the shared kernel dependency traversal
'FreeEntropy.CasimirWeights.l1' audited in the shared kernel dependency traversal
'FreeEntropy.CasimirWeights.twiceRho' audited in the shared kernel dependency traversal
'FreeEntropy.CasimirWeights.casimir' audited in the shared kernel dependency traversal
'FreeEntropy.CasimirWeights.dot_simpleRoot' audited in the shared kernel dependency traversal
'FreeEntropy.CasimirWeights.dot_offset' audited in the shared kernel dependency traversal
'FreeEntropy.CasimirWeights.twiceRho_gap' audited in the shared kernel dependency traversal
'FreeEntropy.CasimirWeights.casimir_difference' audited in the shared kernel dependency traversal
'FreeEntropy.CasimirWeights.casimir_gap_times_depth' audited in the shared kernel dependency traversal
'FreeEntropy.CasimirWeights.casimir_gap' audited in the shared kernel dependency traversal
'FreeEntropy.CasimirWeights.coordinate_gap_le_l1' audited in the shared kernel dependency traversal
'FreeEntropy.CasimirWeights.offset_dot_bounds' audited in the shared kernel dependency traversal
'FreeEntropy.CasimirWeights.casimir_add' audited in the shared kernel dependency traversal
'FreeEntropy.CasimirWeights.casimir_deficit' audited in the shared kernel dependency traversal
'FreeEntropy.CasimirWeights.casimir_deficit_bounds' audited in the shared kernel dependency traversal
'FreeEntropy.Channels.krausMap' audited in the shared kernel dependency traversal
'FreeEntropy.Channels.krausMap_positive' audited in the shared kernel dependency traversal
'FreeEntropy.Channels.krausMap_add' audited in the shared kernel dependency traversal
'FreeEntropy.Channels.krausMap_smul' audited in the shared kernel dependency traversal
'FreeEntropy.Channels.krausMap_trace' audited in the shared kernel dependency traversal
'FreeEntropy.Channels.amplify' audited in the shared kernel dependency traversal
'FreeEntropy.Channels.amplify_krausMap' audited in the shared kernel dependency traversal
'FreeEntropy.Channels.krausMap_completely_positive' audited in the shared kernel dependency traversal
'FreeEntropy.Channels.ofKraus' audited in the shared kernel dependency traversal
'FreeEntropy.Channels.MatrixChannel.toLinearMap' audited in the shared kernel dependency traversal
'FreeEntropy.Channels.MatrixChannel.toRealLinearMap' audited in the shared kernel dependency traversal
'FreeEntropy.Channels.MatrixChannel.comp' audited in the shared kernel dependency traversal
'FreeEntropy.Channels.krausAdjoint' audited in the shared kernel dependency traversal
'FreeEntropy.Channels.trace_krausMap_pairing' audited in the shared kernel dependency traversal
'FreeEntropy.Channels.krausMap_sub_branch_positive' audited in the shared kernel dependency traversal
'FreeEntropy.Channels.kraus_branch_trace_le' audited in the shared kernel dependency traversal
'FreeEntropy.CartanChoi.partialTraceInput' audited in the shared kernel dependency traversal
'FreeEntropy.CartanChoi.choiMap_eq_partialTraceInput' audited in the shared kernel dependency traversal
'FreeEntropy.Cloning.product_loss_le_sum' audited in the shared kernel dependency traversal
'FreeEntropy.Cloning.weyl_product_deficit' audited in the shared kernel dependency traversal
'FreeEntropy.Cloning.weyl_product_deficit_le_card' audited in the shared kernel dependency traversal
'FreeEntropy.Cloning.tail_mass_le_mean_div' audited in the shared kernel dependency traversal
'FreeEntropy.Cloning.eigenvalue_ratio_deficit' audited in the shared kernel dependency traversal
'FreeEntropy.Cloning.deficit_cap_eq_one_of_deep' audited in the shared kernel dependency traversal
'FreeEntropy.Cloning.averaged_deficit_le' audited in the shared kernel dependency traversal
'FreeEntropy.Cloning.cloning_bounds_of_deficits' audited in the shared kernel dependency traversal
'FreeEntropy.Cloning.common_cloning_constant' audited in the shared kernel dependency traversal
'FreeEntropy.Cloning.blockDeficit' audited in the shared kernel dependency traversal
'FreeEntropy.Cloning.blockDeficit_eq_zero_of_depth_zero' audited in the shared kernel dependency traversal
'FreeEntropy.Cloning.rank_one_cloning_bounds' audited in the shared kernel dependency traversal
'FreeEntropy.Cloning.cloning_accuracy_of_finite_blocks' audited in the shared kernel dependency traversal
'FreeEntropy.CloningMatrices.capped_projector_blocks' audited in the shared kernel dependency traversal
'FreeEntropy.CloningMatrices.compressed_projector_block_bound' audited in the shared kernel dependency traversal
'FreeEntropy.CloningMatrices.theorem2_from_rows' audited in the shared kernel dependency traversal
'FreeEntropy.CloningMatrices.mixture' audited in the shared kernel dependency traversal
'FreeEntropy.CloningMatrices.mixture_positive' audited in the shared kernel dependency traversal
'FreeEntropy.CloningMatrices.mixture_trace' audited in the shared kernel dependency traversal
'FreeEntropy.CloningMatrices.smul_mono' audited in the shared kernel dependency traversal
'FreeEntropy.CloningMatrices.coefficient_mono' audited in the shared kernel dependency traversal
'FreeEntropy.CloningMatrices.traceDistance_le_block_loss' audited in the shared kernel dependency traversal
'FreeEntropy.CloningMatrices.forward_traceDistance_le' audited in the shared kernel dependency traversal
'FreeEntropy.CloningMatrices.ratio_interval' audited in the shared kernel dependency traversal
'FreeEntropy.CloningMatrices.BlockRealization.error_comparisons' audited in the shared kernel dependency traversal
'FreeEntropy.CloningMatrices.theorem2_of_block_realization' audited in the shared kernel dependency traversal
'FreeEntropy.CloningMatrices.theorem2_rank_one_of_block_realization' audited in the shared kernel dependency traversal
'FreeEntropy.Concentration.tailBound' audited in the shared kernel dependency traversal
'FreeEntropy.Concentration.tailBound_le_inv' audited in the shared kernel dependency traversal
'FreeEntropy.Concentration.tailBound_eventually_le_inv' audited in the shared kernel dependency traversal
'FreeEntropy.Concentration.inv_le_errorScale' audited in the shared kernel dependency traversal
'FreeEntropy.Concentration.tailBound_eventually_le_errorScale' audited in the shared kernel dependency traversal
'FreeEntropy.CartanLieCloning.CyclicWeightModel.subsingleton_generators' audited in the shared kernel dependency traversal
'FreeEntropy.ExteriorRepresentation.constantWeight_dimension' audited in the shared kernel dependency traversal
'FreeEntropy.ExteriorRepresentation.constantWeightIndex_subsingleton' audited in the shared kernel dependency traversal
'FreeEntropy.CartanChannel.subsingleton_matrix_scalar' audited in the shared kernel dependency traversal
'FreeEntropy.CartanChannel.subsingleton_unitary_phase' audited in the shared kernel dependency traversal
'FreeEntropy.CartanChannel.basisEmbedding_coisometry' audited in the shared kernel dependency traversal
'FreeEntropy.CartanChannel.basisEmbedding_phase' audited in the shared kernel dependency traversal
'FreeEntropy.CartanLieCloning.ofCyclicWeightDecomposition' audited in the shared kernel dependency traversal
'FreeEntropy.CartanLieCloning.ConstructedTopSpace' audited in the shared kernel dependency traversal
'FreeEntropy.CartanLieCloning.constructedTopModel' audited in the shared kernel dependency traversal
'FreeEntropy.CartanLieCloning.ofConstructedCyclicWeights' audited in the shared kernel dependency traversal
'FreeEntropy.CartanLieCloning.constructed_tensor_top_exists' audited in the shared kernel dependency traversal
'FreeEntropy.CartanLieCloning.constructedTensorDecomposition' audited in the shared kernel dependency traversal
'FreeEntropy.LiePBW.coordinateWeightSpaceEquiv' audited in the shared kernel dependency traversal
'FreeEntropy.LiePBW.coordinateWeightSpace_finrank' audited in the shared kernel dependency traversal
'FreeEntropy.UnitaryDecomposition.cyclicSubspace' audited in the shared kernel dependency traversal
'FreeEntropy.UnitaryDecomposition.orbit_mem_cyclicSubspace' audited in the shared kernel dependency traversal
'FreeEntropy.UnitaryDecomposition.mem_cyclicSubspace' audited in the shared kernel dependency traversal
'FreeEntropy.UnitaryDecomposition.cyclicSubspace_invariant' audited in the shared kernel dependency traversal
'FreeEntropy.UnitaryDecomposition.cyclicSubspace_le' audited in the shared kernel dependency traversal
'FreeEntropy.UnitaryDecomposition.cyclicSubspace_eq_of_irreducible' audited in the shared kernel dependency traversal
'FreeEntropy.UnitaryDecomposition.operator_on_cyclicSubspace' audited in the shared kernel dependency traversal
'FreeEntropy.UnitaryDecomposition.projection_joint_eigenvector' audited in the shared kernel dependency traversal
'FreeEntropy.UnitaryDecomposition.cyclicSubspace_irreducible_of_unique_weight' audited in the shared kernel dependency traversal
'FreeEntropy.LieMatrixCasimir.Generators.vector_cyclic_of_column' audited in the shared kernel dependency traversal
'FreeEntropy.CartanLieCloning.CyclicWeightModel.highestVector' audited in the shared kernel dependency traversal
'FreeEntropy.CartanLieCloning.CyclicWeightModel.vector_cyclic' audited in the shared kernel dependency traversal
'FreeEntropy.CartanLieCloning.CyclicWeightModel.highestVector_ne_zero' audited in the shared kernel dependency traversal
'FreeEntropy.CartanLieCloning.CyclicWeightModel.vector_weight' audited in the shared kernel dependency traversal
'FreeEntropy.CartanLieCloning.CyclicWeightModel.vector_raise' audited in the shared kernel dependency traversal
'FreeEntropy.CartanLieCloning.CyclicWeightModel.highest_line_unique' audited in the shared kernel dependency traversal
'FreeEntropy.CartanLieCloning.CyclicWeightModel.highest_basis_unique' audited in the shared kernel dependency traversal
'FreeEntropy.CartanLieCloning.CyclicWeightModel.tensor_highest_weights' audited in the shared kernel dependency traversal
'FreeEntropy.CartanLieCloning.CyclicWeightModel.tensor_highest_basis_unique' audited in the shared kernel dependency traversal
'FreeEntropy.CartanLieCloning.CyclicWeightModel.highest_weight_eq' audited in the shared kernel dependency traversal
'FreeEntropy.CartanLieCloning.CyclicWeightModel.orbitWeights' audited in the shared kernel dependency traversal
'FreeEntropy.CartanLieCloning.CyclicWeightModel.orbitWeights_normalizer' audited in the shared kernel dependency traversal
'FreeEntropy.CartanLieCloning.CyclicWeightModel.orbitWeights_state' audited in the shared kernel dependency traversal
'FreeEntropy.CartanLieCloning.CyclicWeightModel.spectrumWeights' audited in the shared kernel dependency traversal
'FreeEntropy.CartanLieCloning.CyclicWeightModel.actual_uniform_gap' audited in the shared kernel dependency traversal
'FreeEntropy.CartanLieCloning.CyclicWeightModel.actual_orbit_memory_bound' audited in the shared kernel dependency traversal
'FreeEntropy.CartanLieCloning.CyclicWeightModel.shift' audited in the shared kernel dependency traversal
'FreeEntropy.CartanLieCloning.CyclicWeightModel.shift_row' audited in the shared kernel dependency traversal
'FreeEntropy.CartanLieCloning.CyclicWeightModel.shift_weight' audited in the shared kernel dependency traversal
'FreeEntropy.CartanLieCloning.CyclicWeightModel.shift_weightCoeff' audited in the shared kernel dependency traversal
'FreeEntropy.CartanLieCloning.CyclicWeightModel.shift_weightProjector' audited in the shared kernel dependency traversal
'FreeEntropy.CartanLieCloning.CyclicWeightModel.shift_offset_law' audited in the shared kernel dependency traversal
'FreeEntropy.CartanLieCloning.CyclicWeightModel.weight_iff_weightCoeff' audited in the shared kernel dependency traversal
'FreeEntropy.CartanLieCloning.CyclicWeightModel.offsetMultiplicity_eq_card' audited in the shared kernel dependency traversal
'FreeEntropy.CartanLieCloning.CyclicWeightModel.offsetSupport_contains' audited in the shared kernel dependency traversal
'FreeEntropy.CartanLieCloning.CyclicWeightModel.partitionFunction_eq_relativeNormalizer' audited in the shared kernel dependency traversal
'FreeEntropy.CartanLieCloning.CyclicWeightModel.offsetCoefficient_nonneg' audited in the shared kernel dependency traversal
'FreeEntropy.CartanLieCloning.CyclicWeightModel.offsetCoefficient_envelope' audited in the shared kernel dependency traversal
'FreeEntropy.CartanLieCloning.CyclicWeightModel.offsetCoefficient_normalized' audited in the shared kernel dependency traversal
'FreeEntropy.CartanLieCloning.CyclicWeightModel.mixture_offsetCoefficient_eq_relativeState' audited in the shared kernel dependency traversal
'FreeEntropy.CartanLieCloning.CyclicWeightModel.mixture_offsetCoefficient_trace' audited in the shared kernel dependency traversal
'FreeEntropy.CartanLieCloning.offsetCoefficient_ratio' audited in the shared kernel dependency traversal
'FreeEntropy.CartanLieCloning.rootWeightMonomial' audited in the shared kernel dependency traversal
'FreeEntropy.CartanLieCloning.CyclicWeightModel.relativeWeight' audited in the shared kernel dependency traversal
'FreeEntropy.CartanLieCloning.CyclicWeightModel.relativeNormalizer' audited in the shared kernel dependency traversal
'FreeEntropy.CartanLieCloning.CyclicWeightModel.relativeState' audited in the shared kernel dependency traversal
'FreeEntropy.CartanLieCloning.CyclicWeightModel.offsetSupport' audited in the shared kernel dependency traversal
'FreeEntropy.CartanLieCloning.CyclicWeightModel.offsetMultiplicity' audited in the shared kernel dependency traversal
'FreeEntropy.CartanLieCloning.CyclicWeightModel.offsetCoefficient' audited in the shared kernel dependency traversal
'FreeEntropy.CartanLieCloning.rootWeightMonomial_zero' audited in the shared kernel dependency traversal
'FreeEntropy.CartanLieCloning.rootWeightMonomial_nonneg' audited in the shared kernel dependency traversal
'FreeEntropy.CartanLieCloning.rootWeightMonomial_envelope' audited in the shared kernel dependency traversal
'FreeEntropy.CartanLieCloning.CyclicWeightModel.relativeWeight_nonneg' audited in the shared kernel dependency traversal
'FreeEntropy.CartanLieCloning.CyclicWeightModel.relativeWeight_envelope' audited in the shared kernel dependency traversal
'FreeEntropy.CartanLieCloning.CyclicWeightModel.weightCoeff_highest' audited in the shared kernel dependency traversal
'FreeEntropy.CartanLieCloning.CyclicWeightModel.basisDepth_eq_zero_iff' audited in the shared kernel dependency traversal
'FreeEntropy.CartanLieCloning.CyclicWeightModel.relativeWeight_highest' audited in the shared kernel dependency traversal
'FreeEntropy.CartanLieCloning.CyclicWeightModel.relativeNormalizer_ge_one' audited in the shared kernel dependency traversal
'FreeEntropy.LiePBW.map_cyclicSpan' audited in the shared kernel dependency traversal
'FreeEntropy.ExteriorRepresentation.irrepEmbedding_lie_intertwines' audited in the shared kernel dependency traversal
'FreeEntropy.ExteriorRepresentation.ambientHighest_cyclic_range' audited in the shared kernel dependency traversal
'FreeEntropy.ExteriorRepresentation.ambientHighest_cyclic' audited in the shared kernel dependency traversal
'FreeEntropy.ExteriorRepresentation.ambientGenerators' audited in the shared kernel dependency traversal
'FreeEntropy.ExteriorRepresentation.ambientGenerators_diagonal' audited in the shared kernel dependency traversal
'FreeEntropy.ExteriorRepresentation.ambientHighest_weight' audited in the shared kernel dependency traversal
'FreeEntropy.ExteriorRepresentation.ambientHighest_raise' audited in the shared kernel dependency traversal
'FreeEntropy.ExteriorRepresentation.irrepHighest' audited in the shared kernel dependency traversal
'FreeEntropy.ExteriorRepresentation.irrepEmbedding_highest' audited in the shared kernel dependency traversal
'FreeEntropy.ExteriorRepresentation.irrepHighest_ne_zero' audited in the shared kernel dependency traversal
'FreeEntropy.ExteriorRepresentation.irrepGenerators_compressed' audited in the shared kernel dependency traversal
'FreeEntropy.ExteriorRepresentation.irrepHighest_weight' audited in the shared kernel dependency traversal
'FreeEntropy.ExteriorRepresentation.irrepHighest_raise' audited in the shared kernel dependency traversal
'FreeEntropy.ExteriorRepresentation.irrepHighest_cyclic' audited in the shared kernel dependency traversal
'FreeEntropy.ExteriorRepresentation.pairRepresentation' audited in the shared kernel dependency traversal
'FreeEntropy.ExteriorRepresentation.pairRepresentation_unitary' audited in the shared kernel dependency traversal
'FreeEntropy.ExteriorRepresentation.pairAmbientRepresentation' audited in the shared kernel dependency traversal
'FreeEntropy.ExteriorRepresentation.pairWeight' audited in the shared kernel dependency traversal
'FreeEntropy.ExteriorRepresentation.highestPair' audited in the shared kernel dependency traversal
'FreeEntropy.ExteriorRepresentation.pairWeight_highest' audited in the shared kernel dependency traversal
'FreeEntropy.ExteriorRepresentation.pairWeight_unique' audited in the shared kernel dependency traversal
'FreeEntropy.ExteriorRepresentation.pairAmbient_diagonal' audited in the shared kernel dependency traversal
'FreeEntropy.ExteriorRepresentation.cartanAmbientSubspace' audited in the shared kernel dependency traversal
'FreeEntropy.ExteriorRepresentation.cartanAmbientSubspace_irreducible' audited in the shared kernel dependency traversal
'FreeEntropy.ExteriorRepresentation.cartanEmbedding_balance' audited in the shared kernel dependency traversal
'FreeEntropy.ExteriorRepresentation.forwardCartanChannel' audited in the shared kernel dependency traversal
'FreeEntropy.ExteriorRepresentation.reverseCartanChannel' audited in the shared kernel dependency traversal
'FreeEntropy.ExteriorRepresentation.forwardCartanChannel_apply' audited in the shared kernel dependency traversal
'FreeEntropy.ExteriorRepresentation.reverseCartanChannel_apply' audited in the shared kernel dependency traversal
'FreeEntropy.ExteriorRepresentation.unitary_intertwiner_adjoint' audited in the shared kernel dependency traversal
'FreeEntropy.ExteriorRepresentation.intertwiner_range_projection_commutes' audited in the shared kernel dependency traversal
'FreeEntropy.ExteriorRepresentation.projection_fixes_cyclic_image' audited in the shared kernel dependency traversal
'FreeEntropy.ExteriorRepresentation.pairIrrepRepresentation' audited in the shared kernel dependency traversal
'FreeEntropy.ExteriorRepresentation.pairIrrepEmbedding' audited in the shared kernel dependency traversal
'FreeEntropy.ExteriorRepresentation.pairIrrepEmbedding_isometry' audited in the shared kernel dependency traversal
'FreeEntropy.ExteriorRepresentation.pairIrrepEmbedding_intertwines' audited in the shared kernel dependency traversal
'FreeEntropy.ExteriorRepresentation.irrepProjection_highest' audited in the shared kernel dependency traversal
'FreeEntropy.ExteriorRepresentation.pairIrrepProjection_highest' audited in the shared kernel dependency traversal
'FreeEntropy.ExteriorRepresentation.cartanAmbientEquivalence' audited in the shared kernel dependency traversal
'FreeEntropy.ExteriorRepresentation.cartanAmbientEquivalence_isometry' audited in the shared kernel dependency traversal
'FreeEntropy.ExteriorRepresentation.cartanAmbientEquivalence_intertwines' audited in the shared kernel dependency traversal
'FreeEntropy.ExteriorRepresentation.cartanAmbientEquivalence_highest' audited in the shared kernel dependency traversal
'FreeEntropy.ExteriorRepresentation.cartanAmbientEquivalence_supported' audited in the shared kernel dependency traversal
'FreeEntropy.ExteriorRepresentation.cartanEmbedding' audited in the shared kernel dependency traversal
'FreeEntropy.ExteriorRepresentation.cartanEmbedding_isometry' audited in the shared kernel dependency traversal
'FreeEntropy.ExteriorRepresentation.cartanEmbedding_intertwines' audited in the shared kernel dependency traversal
'FreeEntropy.ExteriorRepresentation.heightTail' audited in the shared kernel dependency traversal
'FreeEntropy.ExteriorRepresentation.rowAt' audited in the shared kernel dependency traversal
'FreeEntropy.ExteriorRepresentation.heightTail_eq' audited in the shared kernel dependency traversal
'FreeEntropy.ExteriorRepresentation.heightFiber' audited in the shared kernel dependency traversal
'FreeEntropy.ExteriorRepresentation.heightFiber_zero_add' audited in the shared kernel dependency traversal
'FreeEntropy.ExteriorRepresentation.heightFiber_succ_add' audited in the shared kernel dependency traversal
'FreeEntropy.ExteriorRepresentation.rowAt_add' audited in the shared kernel dependency traversal
'FreeEntropy.ExteriorRepresentation.heightFiber_add' audited in the shared kernel dependency traversal
'FreeEntropy.ExteriorRepresentation.sumColumnHeight' audited in the shared kernel dependency traversal
'FreeEntropy.ExteriorRepresentation.sumHeightFiberEquiv' audited in the shared kernel dependency traversal
'FreeEntropy.ExteriorRepresentation.column_fiber_card' audited in the shared kernel dependency traversal
'FreeEntropy.ExteriorRepresentation.columnEquiv' audited in the shared kernel dependency traversal
'FreeEntropy.ExteriorRepresentation.columnEquiv_height' audited in the shared kernel dependency traversal
'FreeEntropy.ExteriorRepresentation.ExteriorCommutant' audited in the shared kernel dependency traversal
'FreeEntropy.ExteriorRepresentation.ExteriorCommutant.entry_eq_zero' audited in the shared kernel dependency traversal
'FreeEntropy.ExteriorRepresentation.ExteriorCommutant.diagonal' audited in the shared kernel dependency traversal
'FreeEntropy.ExteriorRepresentation.ExteriorCommutant.hermitian' audited in the shared kernel dependency traversal
'FreeEntropy.ExteriorRepresentation.real_transvection_factor' audited in the shared kernel dependency traversal
'FreeEntropy.ExteriorRepresentation.ExteriorCommutant.real_transvection' audited in the shared kernel dependency traversal
'FreeEntropy.ExteriorRepresentation.transvection_diagonal_conjugate' audited in the shared kernel dependency traversal
'FreeEntropy.ExteriorRepresentation.ExteriorCommutant.transvection' audited in the shared kernel dependency traversal
'FreeEntropy.ExteriorRepresentation.ExteriorCommutant.all_matrix' audited in the shared kernel dependency traversal
'FreeEntropy.ExteriorRepresentation.ExteriorCommutant.real_matrix' audited in the shared kernel dependency traversal
'FreeEntropy.ExteriorRepresentation.irrepProjection_commutant' audited in the shared kernel dependency traversal
'FreeEntropy.ExteriorRepresentation.matrix_highest_mem' audited in the shared kernel dependency traversal
'FreeEntropy.ExteriorRepresentation.real_matrix_highest_mem' audited in the shared kernel dependency traversal
'FreeEntropy.ExteriorRepresentation.Column' audited in the shared kernel dependency traversal
'FreeEntropy.ExteriorRepresentation.columnHeight' audited in the shared kernel dependency traversal
'FreeEntropy.ExteriorRepresentation.columnHeight_le' audited in the shared kernel dependency traversal
'FreeEntropy.ExteriorRepresentation.columnHeight_mem' audited in the shared kernel dependency traversal
'FreeEntropy.ExteriorRepresentation.tensorFirst_weight' audited in the shared kernel dependency traversal
'FreeEntropy.ExteriorRepresentation.prescribed_weight_unique' audited in the shared kernel dependency traversal
'FreeEntropy.ExteriorRepresentation.weight_prefix_dominated' audited in the shared kernel dependency traversal
'FreeEntropy.ExteriorRepresentation.weight_total_eq' audited in the shared kernel dependency traversal
'FreeEntropy.ExteriorRepresentation.pair_weight_unique' audited in the shared kernel dependency traversal
'FreeEntropy.ExteriorRepresentation.AmbientIndex' audited in the shared kernel dependency traversal
'FreeEntropy.ExteriorRepresentation.ambientRepresentation' audited in the shared kernel dependency traversal
'FreeEntropy.ExteriorRepresentation.highestBasisIndex' audited in the shared kernel dependency traversal
'FreeEntropy.ExteriorRepresentation.highestVector' audited in the shared kernel dependency traversal
'FreeEntropy.ExteriorRepresentation.highestSubspace' audited in the shared kernel dependency traversal
'FreeEntropy.ExteriorRepresentation.highestSubspace_irreducible' audited in the shared kernel dependency traversal
'FreeEntropy.ExteriorRepresentation.highestVector_weight' audited in the shared kernel dependency traversal
'FreeEntropy.ExteriorRepresentation.highestVector_ne_zero' audited in the shared kernel dependency traversal
'FreeEntropy.ExteriorRepresentation.ambientRepresentation_continuous' audited in the shared kernel dependency traversal
'FreeEntropy.ExteriorRepresentation.ambientRepresentation_unitary' audited in the shared kernel dependency traversal
'FreeEntropy.ExteriorRepresentation.replacementEmbedding' audited in the shared kernel dependency traversal
'FreeEntropy.ExteriorRepresentation.replacementSubset' audited in the shared kernel dependency traversal
'FreeEntropy.ExteriorRepresentation.enumerate_replacement' audited in the shared kernel dependency traversal
'FreeEntropy.ExteriorRepresentation.replacementEmbedding_last' audited in the shared kernel dependency traversal
'FreeEntropy.ExteriorRepresentation.replacementEmbedding_castSucc' audited in the shared kernel dependency traversal
'FreeEntropy.ExteriorRepresentation.lowerUnitriangular_replacement_minor' audited in the shared kernel dependency traversal
'FreeEntropy.ExteriorRepresentation.IrrepIndex' audited in the shared kernel dependency traversal
'FreeEntropy.ExteriorRepresentation.irrepEmbedding' audited in the shared kernel dependency traversal
'FreeEntropy.ExteriorRepresentation.irrepMatrix' audited in the shared kernel dependency traversal
'FreeEntropy.ExteriorRepresentation.irrep_dimension_pos' audited in the shared kernel dependency traversal
'FreeEntropy.ExteriorRepresentation.irrepEmbedding_isometry' audited in the shared kernel dependency traversal
'FreeEntropy.ExteriorRepresentation.irrepEmbedding_intertwines' audited in the shared kernel dependency traversal
'FreeEntropy.ExteriorRepresentation.irrepMatrix_irreducible' audited in the shared kernel dependency traversal
'FreeEntropy.ExteriorRepresentation.irrepMatrix_unitary' audited in the shared kernel dependency traversal
'FreeEntropy.ExteriorRepresentation.irrepMatrix_continuous' audited in the shared kernel dependency traversal
'FreeEntropy.ExteriorRepresentation.cardEmbedding' audited in the shared kernel dependency traversal
'FreeEntropy.ExteriorRepresentation.fiberCardEmbedding' audited in the shared kernel dependency traversal
'FreeEntropy.ExteriorRepresentation.fiberCardEmbedding_preserves' audited in the shared kernel dependency traversal
'FreeEntropy.ExteriorRepresentation.indexCast_val' audited in the shared kernel dependency traversal
'FreeEntropy.ExteriorRepresentation.LowerRoot' audited in the shared kernel dependency traversal
'FreeEntropy.ExteriorRepresentation.RootCopies' audited in the shared kernel dependency traversal
'FreeEntropy.ExteriorRepresentation.rootCopyHeight' audited in the shared kernel dependency traversal
'FreeEntropy.ExteriorRepresentation.rootCopies_card' audited in the shared kernel dependency traversal
'FreeEntropy.ExteriorRepresentation.lowerUnitriangular_first_minor' audited in the shared kernel dependency traversal
'FreeEntropy.ExteriorRepresentation.rootColumnEmbedding' audited in the shared kernel dependency traversal
'FreeEntropy.ExteriorRepresentation.rootColumnEmbedding_height' audited in the shared kernel dependency traversal
'FreeEntropy.ExteriorRepresentation.monomialBasis' audited in the shared kernel dependency traversal
'FreeEntropy.ExteriorRepresentation.monomialBasis_at' audited in the shared kernel dependency traversal
'FreeEntropy.ExteriorRepresentation.monomialBasis_off' audited in the shared kernel dependency traversal
'FreeEntropy.ExteriorRepresentation.monomialBasis_coefficient' audited in the shared kernel dependency traversal
'FreeEntropy.ExteriorRepresentation.rootDepth' audited in the shared kernel dependency traversal
'FreeEntropy.ExteriorRepresentation.rootCopies_card_le_depth' audited in the shared kernel dependency traversal
'FreeEntropy.ExteriorRepresentation.heightFiber_adjacent' audited in the shared kernel dependency traversal
'FreeEntropy.ExteriorRepresentation.shallow_root_capacity' audited in the shared kernel dependency traversal
'FreeEntropy.ExteriorRepresentation.shallowMonomialBasis' audited in the shared kernel dependency traversal
'FreeEntropy.ExteriorRepresentation.lowerRootMatrix' audited in the shared kernel dependency traversal
'FreeEntropy.ExteriorRepresentation.lowerRootMatrix_upper' audited in the shared kernel dependency traversal
'FreeEntropy.ExteriorRepresentation.lowerRootMatrix_diagonal' audited in the shared kernel dependency traversal
'FreeEntropy.ExteriorRepresentation.lowerRootMatrix_root' audited in the shared kernel dependency traversal
'FreeEntropy.ExteriorRepresentation.shallowMonomialBasis_coefficient' audited in the shared kernel dependency traversal
'FreeEntropy.ExteriorRepresentation.weight_indexCast' audited in the shared kernel dependency traversal
'FreeEntropy.ExteriorRepresentation.mem_replacement_iff' audited in the shared kernel dependency traversal
'FreeEntropy.ExteriorRepresentation.replacement_weight_difference' audited in the shared kernel dependency traversal
'FreeEntropy.ExteriorRepresentation.rootWeightShift' audited in the shared kernel dependency traversal
'FreeEntropy.ExteriorRepresentation.monomialBasis_weight_difference' audited in the shared kernel dependency traversal
'FreeEntropy.ExteriorRepresentation.shallowMonomialBasis_weight_difference' audited in the shared kernel dependency traversal
'FreeEntropy.ExteriorRepresentation.shallowMonomialBasis_weight_eq' audited in the shared kernel dependency traversal
'FreeEntropy.ExteriorRepresentation.shiftedWeight_eq_of_difference' audited in the shared kernel dependency traversal
'FreeEntropy.ExteriorRepresentation.weight_eq_of_difference' audited in the shared kernel dependency traversal
'FreeEntropy.ExteriorRepresentation.actualWeight_finrank_le_rootFiber' audited in the shared kernel dependency traversal
'FreeEntropy.ExteriorRepresentation.shallow_actualWeight_finrank_eq_rootFiber' audited in the shared kernel dependency traversal
'FreeEntropy.ExteriorRepresentation.supported_actualWeight_finrank_eq_rootFiber' audited in the shared kernel dependency traversal
'FreeEntropy.ExteriorRepresentation.rank_supported_actualWeight_finrank_eq_rootFiber' audited in the shared kernel dependency traversal
'FreeEntropy.ExteriorRepresentation.exists_rootAssignment_of_actualWeight_ne_bot' audited in the shared kernel dependency traversal
'FreeEntropy.ExteriorRepresentation.shallow_actualWeight_finrank_add_dominant' audited in the shared kernel dependency traversal
'FreeEntropy.ExteriorRepresentation.rank_supported_actualWeight_finrank_add_dominant' audited in the shared kernel dependency traversal
'FreeEntropy.ExteriorRepresentation.tensorDegree' audited in the shared kernel dependency traversal
'FreeEntropy.ExteriorRepresentation.tensorDegree_eq_sum' audited in the shared kernel dependency traversal
'FreeEntropy.ExteriorRepresentation.ambientTensorEmbedding' audited in the shared kernel dependency traversal
'FreeEntropy.ExteriorRepresentation.ambientTensorEmbedding_isometry' audited in the shared kernel dependency traversal
'FreeEntropy.ExteriorRepresentation.ambientTensorEmbedding_intertwines' audited in the shared kernel dependency traversal
'FreeEntropy.ExteriorRepresentation.irrepTensorEmbedding' audited in the shared kernel dependency traversal
'FreeEntropy.ExteriorRepresentation.irrepTensorEmbedding_isometry' audited in the shared kernel dependency traversal
'FreeEntropy.ExteriorRepresentation.irrepTensorEmbedding_intertwines' audited in the shared kernel dependency traversal
'FreeEntropy.ExteriorRepresentation.irrepGenerators' audited in the shared kernel dependency traversal
'FreeEntropy.ExteriorRepresentation.irrepGenerators_intertwines' audited in the shared kernel dependency traversal
'FreeEntropy.ExteriorRepresentation.irrep_cyclicSpan_eq_top' audited in the shared kernel dependency traversal
'FreeEntropy.ExteriorRepresentation.Index' audited in the shared kernel dependency traversal
'FreeEntropy.ExteriorRepresentation.wedgeBasis' audited in the shared kernel dependency traversal
'FreeEntropy.ExteriorRepresentation.exteriorMatrix' audited in the shared kernel dependency traversal
'FreeEntropy.ExteriorRepresentation.exteriorMatrix_one' audited in the shared kernel dependency traversal
'FreeEntropy.ExteriorRepresentation.exteriorMatrix_mul' audited in the shared kernel dependency traversal
'FreeEntropy.ExteriorRepresentation.enumerate' audited in the shared kernel dependency traversal
'FreeEntropy.ExteriorRepresentation.exteriorMatrix_apply' audited in the shared kernel dependency traversal
'FreeEntropy.ExteriorRepresentation.exteriorMatrix_adjoint' audited in the shared kernel dependency traversal
'FreeEntropy.ExteriorRepresentation.exteriorMatrix_unitary' audited in the shared kernel dependency traversal
'FreeEntropy.ExteriorRepresentation.unitaryRepresentation' audited in the shared kernel dependency traversal
'FreeEntropy.ExteriorRepresentation.unitaryRepresentation_unitary' audited in the shared kernel dependency traversal
'FreeEntropy.ExteriorRepresentation.character' audited in the shared kernel dependency traversal
'FreeEntropy.ExteriorRepresentation.exterior_diagonal_basis' audited in the shared kernel dependency traversal
'FreeEntropy.ExteriorRepresentation.exteriorMatrix_diagonal' audited in the shared kernel dependency traversal
'FreeEntropy.ExteriorRepresentation.exteriorMatrix_continuous' audited in the shared kernel dependency traversal
'FreeEntropy.ExteriorRepresentation.unitaryRepresentation_continuous' audited in the shared kernel dependency traversal
'FreeEntropy.ExteriorRepresentation.lowerRootNatEquiv' audited in the shared kernel dependency traversal
'FreeEntropy.ExteriorRepresentation.card_lowerRoot' audited in the shared kernel dependency traversal
'FreeEntropy.ExteriorRepresentation.card_lowerAssignmentsAtDepth_le' audited in the shared kernel dependency traversal
'FreeEntropy.ExteriorRepresentation.sum_lowerWeightFiber_at_depth_le' audited in the shared kernel dependency traversal
'FreeEntropy.ExteriorRepresentation.weighted_rootWeightShift' audited in the shared kernel dependency traversal
'FreeEntropy.ExteriorRepresentation.root_target_lt_of_zero_tail' audited in the shared kernel dependency traversal
'FreeEntropy.ExteriorRepresentation.lowerWeightFiber_root_support' audited in the shared kernel dependency traversal
'FreeEntropy.ExteriorRepresentation.simpleLowerRoot' audited in the shared kernel dependency traversal
'FreeEntropy.ExteriorRepresentation.simpleRootAssignment' audited in the shared kernel dependency traversal
'FreeEntropy.ExteriorRepresentation.simpleRootAssignment_depth' audited in the shared kernel dependency traversal
'FreeEntropy.ExteriorRepresentation.simpleRootAssignment_shift' audited in the shared kernel dependency traversal
'FreeEntropy.ExteriorRepresentation.canonical_offsetMultiplicity_shallow' audited in the shared kernel dependency traversal
'FreeEntropy.ExteriorRepresentation.rootNext' audited in the shared kernel dependency traversal
'FreeEntropy.ExteriorRepresentation.supported_root_capacity' audited in the shared kernel dependency traversal
'FreeEntropy.ExteriorRepresentation.supportedMonomialBasis' audited in the shared kernel dependency traversal
'FreeEntropy.ExteriorRepresentation.supportedMonomialBasis_coefficient' audited in the shared kernel dependency traversal
'FreeEntropy.ExteriorRepresentation.supportedMonomialBasis_weight_difference' audited in the shared kernel dependency traversal
'FreeEntropy.ExteriorRepresentation.rootDepth_eq_weightShift' audited in the shared kernel dependency traversal
'FreeEntropy.ExteriorRepresentation.rootDepth_eq_of_weightShift_eq' audited in the shared kernel dependency traversal
'FreeEntropy.ExteriorRepresentation.lowerAssignmentsAtDepth' audited in the shared kernel dependency traversal
'FreeEntropy.ExteriorRepresentation.mem_lowerAssignmentsAtDepth' audited in the shared kernel dependency traversal
'FreeEntropy.ExteriorRepresentation.lowerWeightFiber' audited in the shared kernel dependency traversal
'FreeEntropy.ExteriorRepresentation.mem_lowerWeightFiber' audited in the shared kernel dependency traversal
'FreeEntropy.ExteriorRepresentation.SupportedSimpleOffset' audited in the shared kernel dependency traversal
'FreeEntropy.ExteriorRepresentation.supportedSimpleOffset_zero_tail' audited in the shared kernel dependency traversal
'FreeEntropy.ExteriorRepresentation.simpleRootAssignment_zero_tail' audited in the shared kernel dependency traversal
'FreeEntropy.ExteriorRepresentation.canonical_offsetMultiplicity_shallow_supported' audited in the shared kernel dependency traversal
'FreeEntropy.ExteriorRepresentation.canonical_offsetMultiplicity_shallow_eq' audited in the shared kernel dependency traversal
'FreeEntropy.ExteriorRepresentation.productMatrix' audited in the shared kernel dependency traversal
'FreeEntropy.ExteriorRepresentation.productMatrix_mul' audited in the shared kernel dependency traversal
'FreeEntropy.ExteriorRepresentation.productMatrix_adjoint' audited in the shared kernel dependency traversal
'FreeEntropy.ExteriorRepresentation.productMatrix_one' audited in the shared kernel dependency traversal
'FreeEntropy.ExteriorRepresentation.productMatrix_diagonal' audited in the shared kernel dependency traversal
'FreeEntropy.ExteriorRepresentation.character_eq_weight_monomial' audited in the shared kernel dependency traversal
'FreeEntropy.ExteriorRepresentation.tensorMatrix' audited in the shared kernel dependency traversal
'FreeEntropy.ExteriorRepresentation.tensorMatrix_mul' audited in the shared kernel dependency traversal
'FreeEntropy.ExteriorRepresentation.tensorMatrix_one' audited in the shared kernel dependency traversal
'FreeEntropy.ExteriorRepresentation.tensorMatrix_adjoint' audited in the shared kernel dependency traversal
'FreeEntropy.ExteriorRepresentation.tensorRepresentation' audited in the shared kernel dependency traversal
'FreeEntropy.ExteriorRepresentation.tensorRepresentation_unitary' audited in the shared kernel dependency traversal
'FreeEntropy.ExteriorRepresentation.tensorMatrix_diagonal' audited in the shared kernel dependency traversal
'FreeEntropy.ExteriorRepresentation.tensorWeight_le' audited in the shared kernel dependency traversal
'FreeEntropy.ExteriorRepresentation.tensorRepresentation_continuous' audited in the shared kernel dependency traversal
'FreeEntropy.ExteriorRepresentation.tensorBasis' audited in the shared kernel dependency traversal
'FreeEntropy.ExteriorRepresentation.alternatingEmbedding' audited in the shared kernel dependency traversal
'FreeEntropy.ExteriorRepresentation.permutedEnumeration' audited in the shared kernel dependency traversal
'FreeEntropy.ExteriorRepresentation.permutationSign' audited in the shared kernel dependency traversal
'FreeEntropy.ExteriorRepresentation.alternatingColumn' audited in the shared kernel dependency traversal
'FreeEntropy.ExteriorRepresentation.alternatingEmbedding_column' audited in the shared kernel dependency traversal
'FreeEntropy.ExteriorRepresentation.permutedEnumeration_injective' audited in the shared kernel dependency traversal
'FreeEntropy.ExteriorRepresentation.permutedEnumeration_eq_iff' audited in the shared kernel dependency traversal
'FreeEntropy.ExteriorRepresentation.star_permutationSign' audited in the shared kernel dependency traversal
'FreeEntropy.ExteriorRepresentation.permutationSign_sq' audited in the shared kernel dependency traversal
'FreeEntropy.ExteriorRepresentation.alternatingColumn_inner' audited in the shared kernel dependency traversal
'FreeEntropy.ExteriorRepresentation.alternatingEmbedding_gram' audited in the shared kernel dependency traversal
'FreeEntropy.ExteriorRepresentation.tensorMap_matrix' audited in the shared kernel dependency traversal
'FreeEntropy.ExteriorRepresentation.exterior_toTensor_natural' audited in the shared kernel dependency traversal
'FreeEntropy.ExteriorRepresentation.alternatingEmbedding_intertwines' audited in the shared kernel dependency traversal
'FreeEntropy.ExteriorRepresentation.wedgeEmbedding' audited in the shared kernel dependency traversal
'FreeEntropy.ExteriorRepresentation.wedgeEmbedding_isometry' audited in the shared kernel dependency traversal
'FreeEntropy.ExteriorRepresentation.wedgeEmbedding_intertwines' audited in the shared kernel dependency traversal
'FreeEntropy.ExteriorRepresentation.rectProduct' audited in the shared kernel dependency traversal
'FreeEntropy.ExteriorRepresentation.rectProduct_mul' audited in the shared kernel dependency traversal
'FreeEntropy.ExteriorRepresentation.rectProduct_adjoint' audited in the shared kernel dependency traversal
'FreeEntropy.ExteriorRepresentation.rectProduct_one' audited in the shared kernel dependency traversal
'FreeEntropy.ExteriorRepresentation.rectProduct_isometry' audited in the shared kernel dependency traversal
'FreeEntropy.ExteriorRepresentation.FactorWords' audited in the shared kernel dependency traversal
'FreeEntropy.ExteriorRepresentation.factorEmbedding' audited in the shared kernel dependency traversal
'FreeEntropy.ExteriorRepresentation.factorEmbedding_isometry' audited in the shared kernel dependency traversal
'FreeEntropy.ExteriorRepresentation.factorEmbedding_intertwines' audited in the shared kernel dependency traversal
'FreeEntropy.ExteriorRepresentation.positionEquiv' audited in the shared kernel dependency traversal
'FreeEntropy.ExteriorRepresentation.factorWordEquiv' audited in the shared kernel dependency traversal
'FreeEntropy.ExteriorRepresentation.factorWordEquiv_at' audited in the shared kernel dependency traversal
'FreeEntropy.ExteriorRepresentation.flattenPermutation' audited in the shared kernel dependency traversal
'FreeEntropy.ExteriorRepresentation.flattenPermutation_isometry' audited in the shared kernel dependency traversal
'FreeEntropy.ExteriorRepresentation.flattenedTensor_entry' audited in the shared kernel dependency traversal
'FreeEntropy.ExteriorRepresentation.flattenPermutation_intertwines' audited in the shared kernel dependency traversal
'FreeEntropy.ExteriorRepresentation.exteriorTensorEmbedding' audited in the shared kernel dependency traversal
'FreeEntropy.ExteriorRepresentation.exteriorTensorEmbedding_isometry' audited in the shared kernel dependency traversal
'FreeEntropy.ExteriorRepresentation.exteriorTensorEmbedding_intertwines' audited in the shared kernel dependency traversal
'FreeEntropy.ExteriorRepresentation.indexCast' audited in the shared kernel dependency traversal
'FreeEntropy.ExteriorRepresentation.exteriorMatrix_indexCast' audited in the shared kernel dependency traversal
'FreeEntropy.ExteriorRepresentation.indexCast_first' audited in the shared kernel dependency traversal
'FreeEntropy.ExteriorRepresentation.tensorIndexEquiv' audited in the shared kernel dependency traversal
'FreeEntropy.ExteriorRepresentation.tensorIndexEquiv_apply' audited in the shared kernel dependency traversal
'FreeEntropy.ExteriorRepresentation.tensorMatrix_permuted' audited in the shared kernel dependency traversal
'FreeEntropy.ExteriorRepresentation.tensorIndexEquiv_first' audited in the shared kernel dependency traversal
'FreeEntropy.ExteriorRepresentation.basisPermutation' audited in the shared kernel dependency traversal
'FreeEntropy.ExteriorRepresentation.basisPermutation_adjoint' audited in the shared kernel dependency traversal
'FreeEntropy.ExteriorRepresentation.basisPermutation_isometry' audited in the shared kernel dependency traversal
'FreeEntropy.ExteriorRepresentation.basisPermutation_coisometry' audited in the shared kernel dependency traversal
'FreeEntropy.ExteriorRepresentation.basisPermutation_mulVec' audited in the shared kernel dependency traversal
'FreeEntropy.ExteriorRepresentation.basisPermutation_single' audited in the shared kernel dependency traversal
'FreeEntropy.ExteriorRepresentation.basisPermutation_intertwines' audited in the shared kernel dependency traversal
'FreeEntropy.ExteriorRepresentation.tensorPermutation' audited in the shared kernel dependency traversal
'FreeEntropy.ExteriorRepresentation.tensorPermutation_isometry' audited in the shared kernel dependency traversal
'FreeEntropy.ExteriorRepresentation.tensorPermutation_coisometry' audited in the shared kernel dependency traversal
'FreeEntropy.ExteriorRepresentation.tensorPermutation_intertwines' audited in the shared kernel dependency traversal
'FreeEntropy.ExteriorRepresentation.tensorPermutation_highest' audited in the shared kernel dependency traversal
'FreeEntropy.ExteriorRepresentation.tensorSumEquiv' audited in the shared kernel dependency traversal
'FreeEntropy.ExteriorRepresentation.tensorSumPermutation' audited in the shared kernel dependency traversal
'FreeEntropy.ExteriorRepresentation.tensorSumPermutation_isometry' audited in the shared kernel dependency traversal
'FreeEntropy.ExteriorRepresentation.tensorSumPermutation_coisometry' audited in the shared kernel dependency traversal
'FreeEntropy.ExteriorRepresentation.tensorSumMatrix_entry' audited in the shared kernel dependency traversal
'FreeEntropy.ExteriorRepresentation.tensorSumPermutation_intertwines' audited in the shared kernel dependency traversal
'FreeEntropy.ExteriorRepresentation.tensorSumEquiv_first' audited in the shared kernel dependency traversal
'FreeEntropy.ExteriorRepresentation.tensorSumPermutation_highest' audited in the shared kernel dependency traversal
'FreeEntropy.ExteriorRepresentation.canonicalWeightCoordinates' audited in the shared kernel dependency traversal
'FreeEntropy.ExteriorRepresentation.canonicalWeightModel' audited in the shared kernel dependency traversal
'FreeEntropy.ExteriorRepresentation.canonicalWeightEmbedding' audited in the shared kernel dependency traversal
'FreeEntropy.ExteriorRepresentation.canonicalWeightEmbedding_isometry' audited in the shared kernel dependency traversal
'FreeEntropy.ExteriorRepresentation.canonicalWeightEmbedding_projection' audited in the shared kernel dependency traversal
'FreeEntropy.ExteriorRepresentation.canonicalWeightEmbedding_generators' audited in the shared kernel dependency traversal
'FreeEntropy.ExteriorRepresentation.canonicalWeightModel_row' audited in the shared kernel dependency traversal
'FreeEntropy.ExteriorRepresentation.canonicalWeightEmbedding_weight' audited in the shared kernel dependency traversal
'FreeEntropy.ExteriorRepresentation.canonicalWeightEmbedding_column_nonzero' audited in the shared kernel dependency traversal
'FreeEntropy.ExteriorRepresentation.canonicalWeight' audited in the shared kernel dependency traversal
'FreeEntropy.ExteriorRepresentation.canonicalWeight_spec' audited in the shared kernel dependency traversal
'FreeEntropy.ExteriorRepresentation.canonicalWeightEmbedding_supported' audited in the shared kernel dependency traversal
'FreeEntropy.ExteriorRepresentation.canonicalWeight_sum' audited in the shared kernel dependency traversal
'FreeEntropy.ExteriorRepresentation.actualWeightSpace' audited in the shared kernel dependency traversal
'FreeEntropy.ExteriorRepresentation.projectedRootOrbit' audited in the shared kernel dependency traversal
'FreeEntropy.ExteriorRepresentation.weightCoordinate' audited in the shared kernel dependency traversal
'FreeEntropy.ExteriorRepresentation.projectedRootOrbit_coordinate' audited in the shared kernel dependency traversal
'FreeEntropy.ExteriorRepresentation.monomial_family_card_le_weight_finrank' audited in the shared kernel dependency traversal
'FreeEntropy.ExteriorRepresentation.shallow_monomials_card_le_weight_finrank' audited in the shared kernel dependency traversal
'FreeEntropy.ExteriorRepresentation.lowerWeightFiber_card_le_weight_finrank' audited in the shared kernel dependency traversal
'FreeEntropy.ExteriorRepresentation.supported_lowerWeightFiber_card_le_weight_finrank' audited in the shared kernel dependency traversal
'FreeEntropy.ExteriorRepresentation.rank_supported_lowerWeightFiber_card_le_weight_finrank' audited in the shared kernel dependency traversal
'FreeEntropy.ExteriorRepresentation.canonicalCoordinateWeightSpace' audited in the shared kernel dependency traversal
'FreeEntropy.ExteriorRepresentation.canonicalWeightEmbedding_mem' audited in the shared kernel dependency traversal
'FreeEntropy.ExteriorRepresentation.canonicalWeightEmbedding_adjoint_mem' audited in the shared kernel dependency traversal
'FreeEntropy.ExteriorRepresentation.canonicalWeightSpaceEquiv' audited in the shared kernel dependency traversal
'FreeEntropy.ExteriorRepresentation.canonicalWeight_card_eq_finrank' audited in the shared kernel dependency traversal
'FreeEntropy.ExteriorRepresentation.canonicalWeight_card_le_rootFiber' audited in the shared kernel dependency traversal
'FreeEntropy.ExteriorRepresentation.canonicalWeight_card_eq_rootFiber' audited in the shared kernel dependency traversal
'FreeEntropy.ExteriorRepresentation.first' audited in the shared kernel dependency traversal
'FreeEntropy.ExteriorRepresentation.enumerate_first' audited in the shared kernel dependency traversal
'FreeEntropy.ExteriorRepresentation.mem_enumerate' audited in the shared kernel dependency traversal
'FreeEntropy.ExteriorRepresentation.mem_first_iff' audited in the shared kernel dependency traversal
'FreeEntropy.ExteriorRepresentation.sum_enumerate' audited in the shared kernel dependency traversal
'FreeEntropy.ExteriorRepresentation.enumerate_val_ge' audited in the shared kernel dependency traversal
'FreeEntropy.ExteriorRepresentation.weight' audited in the shared kernel dependency traversal
'FreeEntropy.ExteriorRepresentation.energy' audited in the shared kernel dependency traversal
'FreeEntropy.ExteriorRepresentation.energy_eq_weight_sum' audited in the shared kernel dependency traversal
'FreeEntropy.ExteriorRepresentation.first_energy_le' audited in the shared kernel dependency traversal
'FreeEntropy.ExteriorRepresentation.energy_eq_first_iff' audited in the shared kernel dependency traversal
'FreeEntropy.ExteriorRepresentation.weightPrefix' audited in the shared kernel dependency traversal
'FreeEntropy.ExteriorRepresentation.prefix_le' audited in the shared kernel dependency traversal
'FreeEntropy.ExteriorRepresentation.prefix_eq_enumerate' audited in the shared kernel dependency traversal
'FreeEntropy.ExteriorRepresentation.prefix_eq_weight_sum' audited in the shared kernel dependency traversal
'FreeEntropy.ExteriorRepresentation.prefix_le_first' audited in the shared kernel dependency traversal
'FreeEntropy.ExteriorRepresentation.sum_weight' audited in the shared kernel dependency traversal
'FreeEntropy.ExteriorRepresentation.TensorIndex' audited in the shared kernel dependency traversal
'FreeEntropy.ExteriorRepresentation.tensorWeight' audited in the shared kernel dependency traversal
'FreeEntropy.ExteriorRepresentation.tensorFirst' audited in the shared kernel dependency traversal
'FreeEntropy.ExteriorRepresentation.tensorEnergy' audited in the shared kernel dependency traversal
'FreeEntropy.ExteriorRepresentation.tensorEnergy_eq_weight_sum' audited in the shared kernel dependency traversal
'FreeEntropy.ExteriorRepresentation.tensorEnergy_highest_le' audited in the shared kernel dependency traversal
'FreeEntropy.ExteriorRepresentation.tensorEnergy_eq_highest_iff' audited in the shared kernel dependency traversal
'FreeEntropy.ExteriorRepresentation.tensor_prefix_le' audited in the shared kernel dependency traversal
'FreeEntropy.ExteriorRepresentation.tensor_prefix_eq' audited in the shared kernel dependency traversal
'FreeEntropy.ExteriorRepresentation.tensor_prefix_le_highest' audited in the shared kernel dependency traversal
'FreeEntropy.ExteriorRepresentation.tensor_sum_weight' audited in the shared kernel dependency traversal
'FreeEntropy.ExteriorRepresentation.tensorWeight_eq_highest_iff' audited in the shared kernel dependency traversal
'FreeEntropy.FiniteConcentration.kl' audited in the shared kernel dependency traversal
'FreeEntropy.FiniteConcentration.l1' audited in the shared kernel dependency traversal
'FreeEntropy.FiniteConcentration.tv' audited in the shared kernel dependency traversal
'FreeEntropy.FiniteConcentration.hellingerSq' audited in the shared kernel dependency traversal
'FreeEntropy.FiniteConcentration.klFun_ge_sqrt' audited in the shared kernel dependency traversal
'FreeEntropy.FiniteConcentration.weighted_klFun_ge_sqrt' audited in the shared kernel dependency traversal
'FreeEntropy.FiniteConcentration.kl_eq_weighted_klFun' audited in the shared kernel dependency traversal
'FreeEntropy.FiniteConcentration.hellingerSq_le_kl' audited in the shared kernel dependency traversal
'FreeEntropy.FiniteConcentration.l1_sq_le_four_hellingerSq' audited in the shared kernel dependency traversal
'FreeEntropy.FiniteConcentration.weak_pinsker' audited in the shared kernel dependency traversal
'FreeEntropy.FiniteConcentration.l1_sq_div_four_le_kl' audited in the shared kernel dependency traversal
'FreeEntropy.FiniteConcentration.coordinate_abs_le_half_l1' audited in the shared kernel dependency traversal
'FreeEntropy.FiniteConcentration.rowFrequency' audited in the shared kernel dependency traversal
'FreeEntropy.FiniteConcentration.rowFrequency_normalized' audited in the shared kernel dependency traversal
'FreeEntropy.FiniteConcentration.notTypical_l1_lower' audited in the shared kernel dependency traversal
'FreeEntropy.FiniteConcentration.diagram_card_le' audited in the shared kernel dependency traversal
'FreeEntropy.FiniteConcentration.schur_tail_le' audited in the shared kernel dependency traversal
'FreeEntropy.FiniteConcentration.schur_tail_le_tailBound' audited in the shared kernel dependency traversal
'FreeEntropy.FiniteConcentration.schur_atypical_tail_le' audited in the shared kernel dependency traversal
'FreeEntropy.GTDimension.interlacingToInterval' audited in the shared kernel dependency traversal
'FreeEntropy.GTDimension.intervalToInterlacing' audited in the shared kernel dependency traversal
'FreeEntropy.GTDimension.interlacingIntervalEquiv' audited in the shared kernel dependency traversal
'FreeEntropy.GTDimension.shiftedRow_adjacent' audited in the shared kernel dependency traversal
'FreeEntropy.GTDimension.binomialDet_branching' audited in the shared kernel dependency traversal
'FreeEntropy.GTDimension.card_eq_binomialDet' audited in the shared kernel dependency traversal
'FreeEntropy.SchurAchievability.theorem1_schur_achievability_gt_tableau' audited in the shared kernel dependency traversal
'FreeEntropy.SchurAchievability.actual_gt_code_tail_bound' audited in the shared kernel dependency traversal
'FreeEntropy.GTDimension.chooseDet' audited in the shared kernel dependency traversal
'FreeEntropy.GTDimension.shiftedRow' audited in the shared kernel dependency traversal
'FreeEntropy.GTDimension.binomialDet' audited in the shared kernel dependency traversal
'FreeEntropy.GTDimension.sum_choose_Ico' audited in the shared kernel dependency traversal
'FreeEntropy.GTDimension.IntervalRows' audited in the shared kernel dependency traversal
'FreeEntropy.GTDimension.chooseDet_difference' audited in the shared kernel dependency traversal
'FreeEntropy.GTDimension.chooseDet_interval_sum' audited in the shared kernel dependency traversal
'FreeEntropy.GTDimension.chooseDet_product' audited in the shared kernel dependency traversal
'FreeEntropy.GTDimension.InterlacingRow' audited in the shared kernel dependency traversal
'FreeEntropy.GTDimension.interlacingWeight' audited in the shared kernel dependency traversal
'FreeEntropy.GTDimension.interlacingWeight_lower' audited in the shared kernel dependency traversal
'FreeEntropy.GTDimension.interlacingWeight_upper' audited in the shared kernel dependency traversal
'FreeEntropy.GTDimension.interlacingWeight_dominant' audited in the shared kernel dependency traversal
'FreeEntropy.GTDimension.penultimate' audited in the shared kernel dependency traversal
'FreeEntropy.GTDimension.truncate' audited in the shared kernel dependency traversal
'FreeEntropy.GTDimension.extendArray' audited in the shared kernel dependency traversal
'FreeEntropy.GTDimension.extendArray_small' audited in the shared kernel dependency traversal
'FreeEntropy.GTDimension.extendArray_top' audited in the shared kernel dependency traversal
'FreeEntropy.GTDimension.extend' audited in the shared kernel dependency traversal
'FreeEntropy.GTDimension.penultimate_extend' audited in the shared kernel dependency traversal
'FreeEntropy.GTDimension.branchingEquiv' audited in the shared kernel dependency traversal
'FreeEntropy.GTDimension.card_branching' audited in the shared kernel dependency traversal
'FreeEntropy.GTDimension.card_zero' audited in the shared kernel dependency traversal
'FreeEntropy.SchurAchievability.theorem1_schur_achievability_gt' audited in the shared kernel dependency traversal
'FreeEntropy.GTOrbit.PaddedBasis' audited in the shared kernel dependency traversal
'FreeEntropy.GTOrbit.paddedWeights' audited in the shared kernel dependency traversal
'FreeEntropy.GTOrbit.paddedOrbitError' audited in the shared kernel dependency traversal
'FreeEntropy.GTOrbit.padded_memory_bound' audited in the shared kernel dependency traversal
'FreeEntropy.GTOrbit.theorem1_padded_orbit_converse' audited in the shared kernel dependency traversal
'FreeEntropy.GTDimension.binomialDet_eq_activeProduct' audited in the shared kernel dependency traversal
'FreeEntropy.GTDimension.card_eq_fullWeyl' audited in the shared kernel dependency traversal
'FreeEntropy.GTDimension.card_eq_activeWeyl' audited in the shared kernel dependency traversal
'FreeEntropy.GTDimension.targetIntegerRow' audited in the shared kernel dependency traversal
'FreeEntropy.GTDimension.targetIntegerRow_cast' audited in the shared kernel dependency traversal
'FreeEntropy.GTDimension.width_nonneg_all' audited in the shared kernel dependency traversal
'FreeEntropy.GTDimension.targetIntegerRow_nonneg' audited in the shared kernel dependency traversal
'FreeEntropy.GTDimension.targetIntegerRow_dominant' audited in the shared kernel dependency traversal
'FreeEntropy.GTDimension.targetDimension' audited in the shared kernel dependency traversal
'FreeEntropy.GTDimension.targetDimension_pos' audited in the shared kernel dependency traversal
'FreeEntropy.GTDimension.targetDimension_weyl' audited in the shared kernel dependency traversal
'FreeEntropy.GTDimension.targetDimension_log_asymptotic' audited in the shared kernel dependency traversal
'FreeEntropy.GelfandTsetlin.supportedCuts' audited in the shared kernel dependency traversal
'FreeEntropy.GelfandTsetlin.supportedCuts_valid' audited in the shared kernel dependency traversal
'FreeEntropy.GelfandTsetlin.zero_mem_supportedCuts' audited in the shared kernel dependency traversal
'FreeEntropy.GelfandTsetlin.mem_supportedCuts_iff' audited in the shared kernel dependency traversal
'FreeEntropy.GelfandTsetlin.cutMultiplicity_eq_zero_of_not_mem' audited in the shared kernel dependency traversal
'FreeEntropy.GelfandTsetlin.multiplicity_eq_zero_of_not_mem' audited in the shared kernel dependency traversal
'FreeEntropy.GelfandTsetlin.commonCuts' audited in the shared kernel dependency traversal
'FreeEntropy.GelfandTsetlin.commonCuts_valid' audited in the shared kernel dependency traversal
'FreeEntropy.GelfandTsetlin.zero_mem_commonCuts' audited in the shared kernel dependency traversal
'FreeEntropy.GelfandTsetlin.multiplicities_eq_zero_outside_commonCuts' audited in the shared kernel dependency traversal
'FreeEntropy.Theorem2GT.theorem2_gt_canonical_from_integer_rows' audited in the shared kernel dependency traversal
'FreeEntropy.GeometricOrbit.WeightData.reindex' audited in the shared kernel dependency traversal
'FreeEntropy.GTOrbit.adjacentRatio_le_qx' audited in the shared kernel dependency traversal
'FreeEntropy.GTOrbit.weights' audited in the shared kernel dependency traversal
'FreeEntropy.GTOrbit.finiteWeights' audited in the shared kernel dependency traversal
'FreeEntropy.GTOrbit.pattern_card_pos' audited in the shared kernel dependency traversal
'FreeEntropy.GTOrbit.uniform_gap' audited in the shared kernel dependency traversal
'FreeEntropy.GTOrbit.top_lower' audited in the shared kernel dependency traversal
'FreeEntropy.GTOrbit.exact_gap' audited in the shared kernel dependency traversal
'FreeEntropy.GTOrbit.memory_bound' audited in the shared kernel dependency traversal
'FreeEntropy.GTOrbit.memory_bound_gammaX' audited in the shared kernel dependency traversal
'FreeEntropy.GelfandTsetlin.dropValue' audited in the shared kernel dependency traversal
'FreeEntropy.GelfandTsetlin.drops' audited in the shared kernel dependency traversal
'FreeEntropy.GelfandTsetlin.drops_support' audited in the shared kernel dependency traversal
'FreeEntropy.GelfandTsetlin.drops_cast' audited in the shared kernel dependency traversal
'FreeEntropy.GelfandTsetlin.columnTail' audited in the shared kernel dependency traversal
'FreeEntropy.GelfandTsetlin.columnTail_step' audited in the shared kernel dependency traversal
'FreeEntropy.GelfandTsetlin.reconstruct_entry' audited in the shared kernel dependency traversal
'FreeEntropy.GelfandTsetlin.drops_injective' audited in the shared kernel dependency traversal
'FreeEntropy.GelfandTsetlin.columnTail_nonneg' audited in the shared kernel dependency traversal
'FreeEntropy.GelfandTsetlin.assignmentDepth' audited in the shared kernel dependency traversal
'FreeEntropy.GelfandTsetlin.columnTail_le_depth' audited in the shared kernel dependency traversal
'FreeEntropy.GelfandTsetlin.HasGap' audited in the shared kernel dependency traversal
'FreeEntropy.GelfandTsetlin.fromDrops' audited in the shared kernel dependency traversal
'FreeEntropy.GelfandTsetlin.drops_fromDrops' audited in the shared kernel dependency traversal
'FreeEntropy.GelfandTsetlin.fromDrops_drops' audited in the shared kernel dependency traversal
'FreeEntropy.GelfandTsetlin.sum_columnTail_eq_typeAOffset' audited in the shared kernel dependency traversal
'FreeEntropy.GelfandTsetlin.rowSum_eq_top_sub_cut' audited in the shared kernel dependency traversal
'FreeEntropy.GelfandTsetlin.coordinateOffset' audited in the shared kernel dependency traversal
'FreeEntropy.GelfandTsetlin.weight_eq_top_sub_offset' audited in the shared kernel dependency traversal
'FreeEntropy.GelfandTsetlin.CutPatterns' audited in the shared kernel dependency traversal
'FreeEntropy.GelfandTsetlin.cutMultiplicity' audited in the shared kernel dependency traversal
'FreeEntropy.GelfandTsetlin.toKostantFiber' audited in the shared kernel dependency traversal
'FreeEntropy.GelfandTsetlin.toKostantFiber_injective' audited in the shared kernel dependency traversal
'FreeEntropy.GelfandTsetlin.cutMultiplicity_le_kostantCount' audited in the shared kernel dependency traversal
'FreeEntropy.GelfandTsetlin.shallowFromKostantFiber' audited in the shared kernel dependency traversal
'FreeEntropy.GelfandTsetlin.toKostantFiber_surjective_of_shallow' audited in the shared kernel dependency traversal
'FreeEntropy.GelfandTsetlin.cutMultiplicity_eq_kostantCount_of_shallow' audited in the shared kernel dependency traversal
'FreeEntropy.GelfandTsetlin.ValidCuts' audited in the shared kernel dependency traversal
'FreeEntropy.GelfandTsetlin.typeAOffset_valid' audited in the shared kernel dependency traversal
'FreeEntropy.GelfandTsetlin.coordinateOffset_injective' audited in the shared kernel dependency traversal
'FreeEntropy.GelfandTsetlin.cut_eq_iff_weight_eq' audited in the shared kernel dependency traversal
'FreeEntropy.GelfandTsetlin.cutOffsetEquiv' audited in the shared kernel dependency traversal
'FreeEntropy.GelfandTsetlin.cutMultiplicity_eq_multiplicity' audited in the shared kernel dependency traversal
'FreeEntropy.GelfandTsetlin.multiplicity_le_kostantCount' audited in the shared kernel dependency traversal
'FreeEntropy.GelfandTsetlin.multiplicity_eq_kostantCount_of_shallow' audited in the shared kernel dependency traversal
'FreeEntropy.GelfandTsetlin.hasGap_add_dominant' audited in the shared kernel dependency traversal
'FreeEntropy.GelfandTsetlin.multiplicity_eq_add_of_shallow' audited in the shared kernel dependency traversal
'FreeEntropy.GelfandTsetlin.dominant_hasGap_zero' audited in the shared kernel dependency traversal
'FreeEntropy.GelfandTsetlin.highestPattern' audited in the shared kernel dependency traversal
'FreeEntropy.GelfandTsetlin.highestPattern_entry' audited in the shared kernel dependency traversal
'FreeEntropy.GelfandTsetlin.drops_highestPattern' audited in the shared kernel dependency traversal
'FreeEntropy.GelfandTsetlin.weight_highestPattern' audited in the shared kernel dependency traversal
'FreeEntropy.GelfandTsetlin.entry_nonneg' audited in the shared kernel dependency traversal
'FreeEntropy.GelfandTsetlin.entry_eq_above_of_weight_zero' audited in the shared kernel dependency traversal
'FreeEntropy.GelfandTsetlin.supported_upper_rows' audited in the shared kernel dependency traversal
'FreeEntropy.GelfandTsetlin.restrictRow' audited in the shared kernel dependency traversal
'FreeEntropy.GelfandTsetlin.SupportedPatterns' audited in the shared kernel dependency traversal
'FreeEntropy.GelfandTsetlin.restrictPattern' audited in the shared kernel dependency traversal
'FreeEntropy.GelfandTsetlin.weight_restrictPattern' audited in the shared kernel dependency traversal
'FreeEntropy.GelfandTsetlin.padArray' audited in the shared kernel dependency traversal
'FreeEntropy.GelfandTsetlin.padArray_small' audited in the shared kernel dependency traversal
'FreeEntropy.GelfandTsetlin.padArray_large' audited in the shared kernel dependency traversal
'FreeEntropy.GelfandTsetlin.padPattern' audited in the shared kernel dependency traversal
'FreeEntropy.GelfandTsetlin.padPattern_entry_small' audited in the shared kernel dependency traversal
'FreeEntropy.GelfandTsetlin.padPattern_entry_large' audited in the shared kernel dependency traversal
'FreeEntropy.GelfandTsetlin.weight_padPattern_low' audited in the shared kernel dependency traversal
'FreeEntropy.GelfandTsetlin.weight_padPattern_high' audited in the shared kernel dependency traversal
'FreeEntropy.GelfandTsetlin.padSupported' audited in the shared kernel dependency traversal
'FreeEntropy.GelfandTsetlin.rankSupportEquiv' audited in the shared kernel dependency traversal
'FreeEntropy.GelfandTsetlin.card_supportedPatterns' audited in the shared kernel dependency traversal
'FreeEntropy.GelfandTsetlin.offsetToSupported' audited in the shared kernel dependency traversal
'FreeEntropy.GelfandTsetlin.restrictOffsetPattern' audited in the shared kernel dependency traversal
'FreeEntropy.GelfandTsetlin.padOffsetPattern' audited in the shared kernel dependency traversal
'FreeEntropy.GelfandTsetlin.rankOffsetEquiv' audited in the shared kernel dependency traversal
'FreeEntropy.GelfandTsetlin.multiplicity_rankSupport' audited in the shared kernel dependency traversal
'FreeEntropy.GelfandTsetlin.multiplicity_rankSupport_cuts' audited in the shared kernel dependency traversal
'FreeEntropy.GTDimension.finRoots' audited in the shared kernel dependency traversal
'FreeEntropy.GTDimension.prod_finRoots' audited in the shared kernel dependency traversal
'FreeEntropy.GTDimension.prod_finRoots_reverse' audited in the shared kernel dependency traversal
'FreeEntropy.GTDimension.prod_activeRoots' audited in the shared kernel dependency traversal
'FreeEntropy.GTDimension.full_denominator' audited in the shared kernel dependency traversal
'FreeEntropy.GTDimension.reversed_shifted_numerator' audited in the shared kernel dependency traversal
'FreeEntropy.GTDimension.full_product_eq_active' audited in the shared kernel dependency traversal
'FreeEntropy.GelfandTsetlin.Array' audited in the shared kernel dependency traversal
'FreeEntropy.GelfandTsetlin.column' audited in the shared kernel dependency traversal
'FreeEntropy.GelfandTsetlin.Pattern.ext' audited in the shared kernel dependency traversal
'FreeEntropy.GelfandTsetlin.Dominant' audited in the shared kernel dependency traversal
'FreeEntropy.GelfandTsetlin.rowSum' audited in the shared kernel dependency traversal
'FreeEntropy.GelfandTsetlin.weight' audited in the shared kernel dependency traversal
'FreeEntropy.GelfandTsetlin.shift' audited in the shared kernel dependency traversal
'FreeEntropy.GelfandTsetlin.shift_injective' audited in the shared kernel dependency traversal
'FreeEntropy.GelfandTsetlin.rowSum_shift' audited in the shared kernel dependency traversal
'FreeEntropy.GelfandTsetlin.weight_shift' audited in the shared kernel dependency traversal
'FreeEntropy.GelfandTsetlin.entry_bounds' audited in the shared kernel dependency traversal
'FreeEntropy.GelfandTsetlin.topBound' audited in the shared kernel dependency traversal
'FreeEntropy.GelfandTsetlin.entry_mem_Icc' audited in the shared kernel dependency traversal
'FreeEntropy.GelfandTsetlin.OffsetPatterns' audited in the shared kernel dependency traversal
'FreeEntropy.GelfandTsetlin.shiftOffset' audited in the shared kernel dependency traversal
'FreeEntropy.GelfandTsetlin.shiftOffset_injective' audited in the shared kernel dependency traversal
'FreeEntropy.GelfandTsetlin.multiplicity' audited in the shared kernel dependency traversal
'FreeEntropy.GelfandTsetlin.multiplicity_mono' audited in the shared kernel dependency traversal
'FreeEntropy.GeometricOrbit.WeightData.normalizer' audited in the shared kernel dependency traversal
'FreeEntropy.GeometricOrbit.WeightData.state' audited in the shared kernel dependency traversal
'FreeEntropy.GeometricOrbit.WeightData.normalizer_ge_one' audited in the shared kernel dependency traversal
'FreeEntropy.GeometricOrbit.WeightData.normalizer_pos' audited in the shared kernel dependency traversal
'FreeEntropy.GeometricOrbit.WeightData.state_positive' audited in the shared kernel dependency traversal
'FreeEntropy.GeometricOrbit.WeightData.state_trace' audited in the shared kernel dependency traversal
'FreeEntropy.GeometricOrbit.WeightData.normalizer_upper' audited in the shared kernel dependency traversal
'FreeEntropy.GeometricOrbit.WeightData.next_upper' audited in the shared kernel dependency traversal
'FreeEntropy.GeometricOrbit.WeightData.peak_overlap' audited in the shared kernel dependency traversal
'FreeEntropy.GeometricOrbit.WeightData.spectral_upper' audited in the shared kernel dependency traversal
'FreeEntropy.GeometricOrbit.WeightData.gap_lower' audited in the shared kernel dependency traversal
'FreeEntropy.GeometricOrbit.memory_bound' audited in the shared kernel dependency traversal
'FreeEntropy.GeometricOrbit.Code.averageError' audited in the shared kernel dependency traversal
'FreeEntropy.GeometricOrbit.Code.memory_bound' audited in the shared kernel dependency traversal
'FreeEntropy.GeometricOrbit.theorem1_converse_of_weight_codes' audited in the shared kernel dependency traversal
'FreeEntropy.LieMatrixCasimir.Generators.raising_weight' audited in the shared kernel dependency traversal
'FreeEntropy.LieMatrixCasimir.Generators.highest_weight_dominant' audited in the shared kernel dependency traversal
'FreeEntropy.TraceCloning.identityChannel' audited in the shared kernel dependency traversal
'FreeEntropy.TraceCloning.identityChannel_apply' audited in the shared kernel dependency traversal
'FreeEntropy.TraceCloning.identityRealization' audited in the shared kernel dependency traversal
'FreeEntropy.TraceCloning.identityRealization_errors' audited in the shared kernel dependency traversal
'FreeEntropy.IsometricCompression.complement' audited in the shared kernel dependency traversal
'FreeEntropy.IsometricCompression.complement_adjoint' audited in the shared kernel dependency traversal
'FreeEntropy.IsometricCompression.complement_mul' audited in the shared kernel dependency traversal
'FreeEntropy.IsometricCompression.complement_idempotent' audited in the shared kernel dependency traversal
'FreeEntropy.IsometricCompression.encoderKraus' audited in the shared kernel dependency traversal
'FreeEntropy.IsometricCompression.encoderKraus_normalization' audited in the shared kernel dependency traversal
'FreeEntropy.IsometricCompression.encoder' audited in the shared kernel dependency traversal
'FreeEntropy.IsometricCompression.decoder' audited in the shared kernel dependency traversal
'FreeEntropy.IsometricCompression.decoder_apply' audited in the shared kernel dependency traversal
'FreeEntropy.IsometricCompression.encoder_apply' audited in the shared kernel dependency traversal
'FreeEntropy.IsometricCompression.encoder_embedding' audited in the shared kernel dependency traversal
'FreeEntropy.IsometricCompression.roundtrip_embedding' audited in the shared kernel dependency traversal
'FreeEntropy.KostantCounting.weightedDepth' audited in the shared kernel dependency traversal
'FreeEntropy.KostantCounting.weightedAssignments' audited in the shared kernel dependency traversal
'FreeEntropy.KostantCounting.ordinaryDegree_le_weightedDepth' audited in the shared kernel dependency traversal
'FreeEntropy.KostantCounting.weightedDepth_eq_zero_iff' audited in the shared kernel dependency traversal
'FreeEntropy.KostantCounting.mem_weightedAssignments' audited in the shared kernel dependency traversal
'FreeEntropy.KostantCounting.padAssignment' audited in the shared kernel dependency traversal
'FreeEntropy.KostantCounting.padAssignment_apply_ne' audited in the shared kernel dependency traversal
'FreeEntropy.KostantCounting.padAssignment_mem_antidiag' audited in the shared kernel dependency traversal
'FreeEntropy.KostantCounting.padAssignment_injective_on' audited in the shared kernel dependency traversal
'FreeEntropy.KostantCounting.card_weightedAssignments_le' audited in the shared kernel dependency traversal
'FreeEntropy.KostantCounting.positiveRootAssignments' audited in the shared kernel dependency traversal
'FreeEntropy.KostantCounting.card_positiveRootAssignments_le' audited in the shared kernel dependency traversal
'FreeEntropy.KostantCounting.typeAOffset' audited in the shared kernel dependency traversal
'FreeEntropy.KostantCounting.typeAOffset_zero' audited in the shared kernel dependency traversal
'FreeEntropy.KostantCounting.typeAOffset_eq_zero_of_le' audited in the shared kernel dependency traversal
'FreeEntropy.KostantCounting.offsetDepth' audited in the shared kernel dependency traversal
'FreeEntropy.KostantCounting.offsetDepth_typeAOffset' audited in the shared kernel dependency traversal
'FreeEntropy.KostantCounting.sum_simple_cuts' audited in the shared kernel dependency traversal
'FreeEntropy.KostantCounting.kostantFiber' audited in the shared kernel dependency traversal
'FreeEntropy.KostantCounting.kostantCount' audited in the shared kernel dependency traversal
'FreeEntropy.KostantCounting.mem_kostantFiber' audited in the shared kernel dependency traversal
'FreeEntropy.KostantCounting.card_depth_fiber_le_of_encoding' audited in the shared kernel dependency traversal
'FreeEntropy.KostantCounting.card_typeA_depth_fiber_le_of_encoding' audited in the shared kernel dependency traversal
'FreeEntropy.KostantCounting.sum_fiber_multiplicities_le' audited in the shared kernel dependency traversal
'FreeEntropy.KostantCounting.sum_multiplicities_at_depth_le' audited in the shared kernel dependency traversal
'FreeEntropy.KostantCounting.sum_kostantCount_at_depth_le' audited in the shared kernel dependency traversal
'FreeEntropy.KostantCounting.weight_mean_le_of_kostant' audited in the shared kernel dependency traversal
'FreeEntropy.KostantWeightData.rootWeight' audited in the shared kernel dependency traversal
'FreeEntropy.KostantWeightData.rootWeight_zero' audited in the shared kernel dependency traversal
'FreeEntropy.KostantWeightData.rootWeight_nonneg' audited in the shared kernel dependency traversal
'FreeEntropy.KostantWeightData.rootWeight_le_depth' audited in the shared kernel dependency traversal
'FreeEntropy.KostantWeightData.ofRootEncoding' audited in the shared kernel dependency traversal
'FreeEntropy.CartanBalance.partialTrace_left' audited in the shared kernel dependency traversal
'FreeEntropy.CartanBalance.partialTrace_right' audited in the shared kernel dependency traversal
'FreeEntropy.CartanBalance.partialTrace_environment' audited in the shared kernel dependency traversal
'FreeEntropy.CartanBalance.partialTrace_add' audited in the shared kernel dependency traversal
'FreeEntropy.CartanBalance.partialTrace_commutes_of_tensor' audited in the shared kernel dependency traversal
'FreeEntropy.CartanBalance.lie_range_commutes' audited in the shared kernel dependency traversal
'FreeEntropy.CartanBalance.balance_of_cyclic_weight' audited in the shared kernel dependency traversal
'FreeEntropy.LieCharacter.character_coeff_weight_ne_zero' audited in the shared kernel dependency traversal
'FreeEntropy.LieCharacter.exists_permuted_weight' audited in the shared kernel dependency traversal
'FreeEntropy.ExteriorRepresentation.canonicalWeight_permuted' audited in the shared kernel dependency traversal
'FreeEntropy.ExteriorRepresentation.canonical_character_permuted_root_cone' audited in the shared kernel dependency traversal
'FreeEntropy.ExteriorRepresentation.canonicalWeight_permuted_root_cone' audited in the shared kernel dependency traversal
'FreeEntropy.LieCharacter.rootProduct_eq_denominator' audited in the shared kernel dependency traversal
'FreeEntropy.LieCharacter.character_eval_one' audited in the shared kernel dependency traversal
'FreeEntropy.LieCharacter.character_total_euler' audited in the shared kernel dependency traversal
'FreeEntropy.LieCharacter.cyclic_weight_total' audited in the shared kernel dependency traversal
'FreeEntropy.LieCharacter.character_coeff' audited in the shared kernel dependency traversal
'FreeEntropy.LieCharacter.exists_weight_of_coeff_ne_zero' audited in the shared kernel dependency traversal
'FreeEntropy.LieCharacter.cyclic_character_highest_coeff' audited in the shared kernel dependency traversal
'FreeEntropy.LieCharacter.cyclic_character_root_cone' audited in the shared kernel dependency traversal
'FreeEntropy.LieCharacter.Poly' audited in the shared kernel dependency traversal
'FreeEntropy.LieCharacter.exponent' audited in the shared kernel dependency traversal
'FreeEntropy.LieCharacter.weightMonomial' audited in the shared kernel dependency traversal
'FreeEntropy.LieCharacter.character' audited in the shared kernel dependency traversal
'FreeEntropy.LieCharacter.weightMatrix' audited in the shared kernel dependency traversal
'FreeEntropy.LieCharacter.lift' audited in the shared kernel dependency traversal
'FreeEntropy.LieCharacter.lift_mul' audited in the shared kernel dependency traversal
'FreeEntropy.LieCharacter.lift_sub' audited in the shared kernel dependency traversal
'FreeEntropy.LieCharacter.lift_one' audited in the shared kernel dependency traversal
'FreeEntropy.LieCharacter.trace_weightMatrix' audited in the shared kernel dependency traversal
'FreeEntropy.LieCharacter.generator_exponent_shift' audited in the shared kernel dependency traversal
'FreeEntropy.LieCharacter.variable_weight_intertwines' audited in the shared kernel dependency traversal
'FreeEntropy.LieCharacter.moment' audited in the shared kernel dependency traversal
'FreeEntropy.LieCharacter.pairTrace' audited in the shared kernel dependency traversal
'FreeEntropy.LieCharacter.diagonal_trace' audited in the shared kernel dependency traversal
'FreeEntropy.LieCharacter.variable_pairTrace' audited in the shared kernel dependency traversal
'FreeEntropy.LieCharacter.pairTrace_sub' audited in the shared kernel dependency traversal
'FreeEntropy.LieCharacter.root_radial_identity' audited in the shared kernel dependency traversal
'FreeEntropy.LieCharacter.euler_character' audited in the shared kernel dependency traversal
'FreeEntropy.LieCharacter.secondMoment' audited in the shared kernel dependency traversal
'FreeEntropy.LieCharacter.euler_sq_character' audited in the shared kernel dependency traversal
'FreeEntropy.LieCharacter.pairTrace_diagonal' audited in the shared kernel dependency traversal
'FreeEntropy.LieCharacter.sum_diagonal_upper' audited in the shared kernel dependency traversal
'FreeEntropy.LieCharacter.casimir_trace_identity' audited in the shared kernel dependency traversal
'FreeEntropy.LieCharacter.positiveRoots' audited in the shared kernel dependency traversal
'FreeEntropy.LieCharacter.rootFactor' audited in the shared kernel dependency traversal
'FreeEntropy.LieCharacter.rootProduct' audited in the shared kernel dependency traversal
'FreeEntropy.LieCharacter.rootProductExcept' audited in the shared kernel dependency traversal
'FreeEntropy.LieCharacter.rootProduct_factor' audited in the shared kernel dependency traversal
'FreeEntropy.LieCharacter.sum_positiveRoots' audited in the shared kernel dependency traversal
'FreeEntropy.LieCharacter.radial_casimir_identity' audited in the shared kernel dependency traversal
'FreeEntropy.LieCharacter.cyclic_radial_identity' audited in the shared kernel dependency traversal
'FreeEntropy.LieCharacter.eval_weightMonomial' audited in the shared kernel dependency traversal
'FreeEntropy.LieCharacter.eval_character' audited in the shared kernel dependency traversal
'FreeEntropy.LieCharacter.physical_weight_source' audited in the shared kernel dependency traversal
'FreeEntropy.LieCharacter.eval_character_eq_trace' audited in the shared kernel dependency traversal
'FreeEntropy.LieCharacter.alphabetPermutation' audited in the shared kernel dependency traversal
'FreeEntropy.LieCharacter.alphabetPermutation_diagonal' audited in the shared kernel dependency traversal
'FreeEntropy.LieCharacter.compressed_trace_conjugate' audited in the shared kernel dependency traversal
'FreeEntropy.LieCharacter.character_rename_of_physical' audited in the shared kernel dependency traversal
'FreeEntropy.ExteriorRepresentation.canonicalPhysicalWeightEmbedding' audited in the shared kernel dependency traversal
'FreeEntropy.ExteriorRepresentation.canonicalPhysicalWeightEmbedding_isometry' audited in the shared kernel dependency traversal
'FreeEntropy.ExteriorRepresentation.canonicalPhysicalWeightEmbedding_generators' audited in the shared kernel dependency traversal
'FreeEntropy.ExteriorRepresentation.canonicalPhysicalWeightEmbedding_diagonal' audited in the shared kernel dependency traversal
'FreeEntropy.ExteriorRepresentation.canonicalPhysicalWeightEmbedding_commutant' audited in the shared kernel dependency traversal
'FreeEntropy.ExteriorRepresentation.canonical_character_rename' audited in the shared kernel dependency traversal
'FreeEntropy.LiePBW.GeneratorInvariant' audited in the shared kernel dependency traversal
'FreeEntropy.LiePBW.hilbertSubspace' audited in the shared kernel dependency traversal
'FreeEntropy.LiePBW.projectionMatrix' audited in the shared kernel dependency traversal
'FreeEntropy.LiePBW.projectionMatrix_apply' audited in the shared kernel dependency traversal
'FreeEntropy.LiePBW.projectionMatrix_mem' audited in the shared kernel dependency traversal
'FreeEntropy.LiePBW.projectionMatrix_fix' audited in the shared kernel dependency traversal
'FreeEntropy.LiePBW.projectionMatrix_commutes' audited in the shared kernel dependency traversal
'FreeEntropy.LiePBW.cyclicSpan_le_of_invariant' audited in the shared kernel dependency traversal
'FreeEntropy.LiePBW.commuting_operator_scalar_on_cyclicSpan' audited in the shared kernel dependency traversal
'FreeEntropy.LiePBW.cyclic_highest_irreducible' audited in the shared kernel dependency traversal
'FreeEntropy.LiePBW.intertwiner_word' audited in the shared kernel dependency traversal
'FreeEntropy.LiePBW.cyclic_intertwiner_injective' audited in the shared kernel dependency traversal
'FreeEntropy.LiePBW.cyclic_intertwiner_surjective' audited in the shared kernel dependency traversal
'FreeEntropy.LiePBW.cyclicIntertwinerEquiv' audited in the shared kernel dependency traversal
'FreeEntropy.LieDecomposition.Space' audited in the shared kernel dependency traversal
'FreeEntropy.LieDecomposition.Invariant' audited in the shared kernel dependency traversal
'FreeEntropy.LieDecomposition.invariant_top' audited in the shared kernel dependency traversal
'FreeEntropy.LieDecomposition.invariant_inf' audited in the shared kernel dependency traversal
'FreeEntropy.LieDecomposition.invariant_orthogonal' audited in the shared kernel dependency traversal
'FreeEntropy.LieDecomposition.exists_irreducible_le' audited in the shared kernel dependency traversal
'FreeEntropy.LieDecomposition.exists_orthogonal_irreducible_family' audited in the shared kernel dependency traversal
'FreeEntropy.LieDecomposition.exists_complete_orthogonal_family' audited in the shared kernel dependency traversal
'FreeEntropy.LieDecomposition.embedding_intertwines' audited in the shared kernel dependency traversal
'FreeEntropy.LieDecomposition.restricted' audited in the shared kernel dependency traversal
'FreeEntropy.LieDecomposition.restricted_cyclicSpan_eq_top' audited in the shared kernel dependency traversal
'FreeEntropy.CartanLieCloning.CyclicWeightModel.lowerWord_depth' audited in the shared kernel dependency traversal
'FreeEntropy.CartanLieCloning.OrderedWordsAtDepth' audited in the shared kernel dependency traversal
'FreeEntropy.CartanLieCloning.orderedDepthEmbedding' audited in the shared kernel dependency traversal
'FreeEntropy.CartanLieCloning.CyclicWeightModel.depthProjection' audited in the shared kernel dependency traversal
'FreeEntropy.CartanLieCloning.CyclicWeightModel.depthSpace' audited in the shared kernel dependency traversal
'FreeEntropy.CartanLieCloning.CyclicWeightModel.depthProjection_fix' audited in the shared kernel dependency traversal
'FreeEntropy.CartanLieCloning.CyclicWeightModel.depthProjection_lowerWord' audited in the shared kernel dependency traversal
'FreeEntropy.CartanLieCloning.CyclicWeightModel.finiteDepthSpan' audited in the shared kernel dependency traversal
'FreeEntropy.CartanLieCloning.CyclicWeightModel.projected_mem_finiteDepthSpan' audited in the shared kernel dependency traversal
'FreeEntropy.CartanLieCloning.CyclicWeightModel.depthSpace_finrank' audited in the shared kernel dependency traversal
'FreeEntropy.CartanLieCloning.CyclicWeightModel.depthMultiplicity_le' audited in the shared kernel dependency traversal
'FreeEntropy.CartanLieCloning.offset_injective' audited in the shared kernel dependency traversal
'FreeEntropy.CartanLieCloning.CyclicWeightModel.weightCoeff_eq_of_weight' audited in the shared kernel dependency traversal
'FreeEntropy.CartanLieCloning.CyclicWeightModel.offsetMultiplicity_depth_le' audited in the shared kernel dependency traversal
'FreeEntropy.LieMatrixCasimir.Generators.shift' audited in the shared kernel dependency traversal
'FreeEntropy.LieMatrixCasimir.Generators.shift_offdiagonal' audited in the shared kernel dependency traversal
'FreeEntropy.LieMatrixCasimir.Generators.shift_diagonal' audited in the shared kernel dependency traversal
'FreeEntropy.LieMatrixCasimir.Generators.shift_highest_weight' audited in the shared kernel dependency traversal
'FreeEntropy.LieMatrixCasimir.Generators.shift_lowering_word' audited in the shared kernel dependency traversal
'FreeEntropy.LieMatrixCasimir.Generators.shift_loweringSpan' audited in the shared kernel dependency traversal
'FreeEntropy.LieMatrixCasimir.Generators.shift_cyclicSpan' audited in the shared kernel dependency traversal
'FreeEntropy.ExteriorRepresentation.exists_constant_shift_unitary' audited in the shared kernel dependency traversal
'FreeEntropy.ExteriorRepresentation.irrep_dimension_constant_shift' audited in the shared kernel dependency traversal
'FreeEntropy.LiePBW.directSum' audited in the shared kernel dependency traversal
'FreeEntropy.LiePBW.firstCoordinate' audited in the shared kernel dependency traversal
'FreeEntropy.LiePBW.secondCoordinate' audited in the shared kernel dependency traversal
'FreeEntropy.LiePBW.firstCoordinate_apply' audited in the shared kernel dependency traversal
'FreeEntropy.LiePBW.secondCoordinate_apply' audited in the shared kernel dependency traversal
'FreeEntropy.LiePBW.directSum_mulVec' audited in the shared kernel dependency traversal
'FreeEntropy.LiePBW.firstCoordinate_intertwines' audited in the shared kernel dependency traversal
'FreeEntropy.LiePBW.secondCoordinate_intertwines' audited in the shared kernel dependency traversal
'FreeEntropy.LiePBW.directSum_weight' audited in the shared kernel dependency traversal
'FreeEntropy.LiePBW.directSum_raise' audited in the shared kernel dependency traversal
'FreeEntropy.LieMatrixCasimir.Generators.dual' audited in the shared kernel dependency traversal
'FreeEntropy.CartanLieCloning.CyclicWeightModel.dual_cyclic_of_ne_zero' audited in the shared kernel dependency traversal
'FreeEntropy.LieMatrixCasimir.Generators.dual_dual_E' audited in the shared kernel dependency traversal
'FreeEntropy.LieMatrixCasimir.Generators.dual_tensor_E' audited in the shared kernel dependency traversal
'FreeEntropy.LieMatrixCasimir.Generators.conjugate_eq_neg_dual' audited in the shared kernel dependency traversal
'FreeEntropy.LieMatrixCasimir.conjugate_intertwines' audited in the shared kernel dependency traversal
'FreeEntropy.LieMatrixCasimir.swapRows' audited in the shared kernel dependency traversal
'FreeEntropy.LieMatrixCasimir.swap_tensor_intertwines' audited in the shared kernel dependency traversal
'FreeEntropy.LiePBW.exists_highest_linearEquiv' audited in the shared kernel dependency traversal
'FreeEntropy.LiePBW.exists_highest_matrixEquiv' audited in the shared kernel dependency traversal
'FreeEntropy.LieMatrixCasimir.Generators.exists_real_jointBasis' audited in the shared kernel dependency traversal
'FreeEntropy.LieMatrixCasimir.Generators.exists_highest' audited in the shared kernel dependency traversal
'FreeEntropy.LiePBW.commutant_scalar_of_highest' audited in the shared kernel dependency traversal
'FreeEntropy.LiePBW.gram_commutes' audited in the shared kernel dependency traversal
'FreeEntropy.LiePBW.exists_highest_unitary' audited in the shared kernel dependency traversal
'FreeEntropy.LieMatrixCasimir.fundamental' audited in the shared kernel dependency traversal
'FreeEntropy.LieMatrixCasimir.kronecker_sub_left' audited in the shared kernel dependency traversal
'FreeEntropy.LieMatrixCasimir.kronecker_sub_right' audited in the shared kernel dependency traversal
'FreeEntropy.LieMatrixCasimir.kronecker_sum_left' audited in the shared kernel dependency traversal
'FreeEntropy.LieMatrixCasimir.kronecker_sum_right' audited in the shared kernel dependency traversal
'FreeEntropy.LieMatrixCasimir.Generators.tensor' audited in the shared kernel dependency traversal
'FreeEntropy.LieMatrixCasimir.Generators.casimir' audited in the shared kernel dependency traversal
'FreeEntropy.LieMatrixCasimir.Generators.casimir_hermitian' audited in the shared kernel dependency traversal
'FreeEntropy.LieMatrixCasimir.Generators.casimir_positive' audited in the shared kernel dependency traversal
'FreeEntropy.LieMatrixCasimir.Generators.casimir_intertwines' audited in the shared kernel dependency traversal
'FreeEntropy.LieMatrixCasimir.Generators.casimir_tensor' audited in the shared kernel dependency traversal
'FreeEntropy.LieMatrixCasimir.sum_positive_root_differences' audited in the shared kernel dependency traversal
'FreeEntropy.LieMatrixCasimir.highest_casimir_polynomial' audited in the shared kernel dependency traversal
'FreeEntropy.LieMatrixCasimir.Generators.highest_product' audited in the shared kernel dependency traversal
'FreeEntropy.LieMatrixCasimir.Generators.casimir_on_highest' audited in the shared kernel dependency traversal
'FreeEntropy.LieMatrixCasimir.Generators.highest_compression' audited in the shared kernel dependency traversal
'FreeEntropy.LieMatrixCasimir.Generators.tensor_cross_compression' audited in the shared kernel dependency traversal
'FreeEntropy.LieMatrixCasimir.Generators.tensor_casimir_compression' audited in the shared kernel dependency traversal
'FreeEntropy.LieMatrixCasimir.Generators.tensor_casimir_deficit' audited in the shared kernel dependency traversal
'FreeEntropy.LiePBW.Root' audited in the shared kernel dependency traversal
'FreeEntropy.LiePBW.word' audited in the shared kernel dependency traversal
'FreeEntropy.LiePBW.word_nil' audited in the shared kernel dependency traversal
'FreeEntropy.LiePBW.word_cons' audited in the shared kernel dependency traversal
'FreeEntropy.LiePBW.word_append' audited in the shared kernel dependency traversal
'FreeEntropy.LiePBW.perm_difference_mem' audited in the shared kernel dependency traversal
'FreeEntropy.LiePBW.orderedSpan' audited in the shared kernel dependency traversal
'FreeEntropy.LiePBW.word_mem_orderedSpan' audited in the shared kernel dependency traversal
'FreeEntropy.LiePBW.span_words_eq_orderedSpan' audited in the shared kernel dependency traversal
'FreeEntropy.LiePBW.kind' audited in the shared kernel dependency traversal
'FreeEntropy.LiePBW.rootCoefficient_le_depth' audited in the shared kernel dependency traversal
'FreeEntropy.LiePBW.lowerWord_depth_le_of_ne_zero' audited in the shared kernel dependency traversal
'FreeEntropy.LiePBW.BoundedOrderedLoweringWord' audited in the shared kernel dependency traversal
'FreeEntropy.LiePBW.boundedOrderedWordEmbedding' audited in the shared kernel dependency traversal
'FreeEntropy.LiePBW.boundedLoweringSpan' audited in the shared kernel dependency traversal
'FreeEntropy.LiePBW.cyclicSpan_le_boundedLoweringSpan' audited in the shared kernel dependency traversal
'FreeEntropy.LiePBW.cyclicSpan_finrank_le_polynomial' audited in the shared kernel dependency traversal
'FreeEntropy.LiePBW.card_le_polynomial_of_cyclic' audited in the shared kernel dependency traversal
'FreeEntropy.LiePBW.nonlower_word_scalar' audited in the shared kernel dependency traversal
'FreeEntropy.LiePBW.ordered_word_scalar_lowering' audited in the shared kernel dependency traversal
'FreeEntropy.LiePBW.cyclicSpan' audited in the shared kernel dependency traversal
'FreeEntropy.LiePBW.loweringSpan' audited in the shared kernel dependency traversal
'FreeEntropy.LiePBW.word_action_mem_loweringSpan' audited in the shared kernel dependency traversal
'FreeEntropy.LiePBW.cyclicSpan_eq_loweringSpan' audited in the shared kernel dependency traversal
'FreeEntropy.LiePBW.self_mem_cyclicSpan' audited in the shared kernel dependency traversal
'FreeEntropy.LiePBW.generator_preserves_cyclicSpan' audited in the shared kernel dependency traversal
'FreeEntropy.LiePBW.lowerExponent_nil' audited in the shared kernel dependency traversal
'FreeEntropy.LiePBW.lowerExponent_cons' audited in the shared kernel dependency traversal
'FreeEntropy.LiePBW.rootWeightShift_add' audited in the shared kernel dependency traversal
'FreeEntropy.LiePBW.rootWeightShift_single' audited in the shared kernel dependency traversal
'FreeEntropy.LiePBW.shiftedWeight' audited in the shared kernel dependency traversal
'FreeEntropy.LiePBW.shiftedWeight_eq_iff' audited in the shared kernel dependency traversal
'FreeEntropy.LiePBW.lowerWord_weight' audited in the shared kernel dependency traversal
'FreeEntropy.LiePBW.coordinateWeightSpace' audited in the shared kernel dependency traversal
'FreeEntropy.LiePBW.weightProjection' audited in the shared kernel dependency traversal
'FreeEntropy.LiePBW.weightProjection_fix' audited in the shared kernel dependency traversal
'FreeEntropy.LiePBW.eigenvector_mem_weightSpace' audited in the shared kernel dependency traversal
'FreeEntropy.LiePBW.weightProjection_other' audited in the shared kernel dependency traversal
'FreeEntropy.LiePBW.OrderedWordsAtWeight' audited in the shared kernel dependency traversal
'FreeEntropy.LiePBW.orderedWordsAtWeightEmbedding' audited in the shared kernel dependency traversal
'FreeEntropy.LiePBW.finiteWeightSpan' audited in the shared kernel dependency traversal
'FreeEntropy.LiePBW.projected_cyclic_mem_finiteWeightSpan' audited in the shared kernel dependency traversal
'FreeEntropy.LiePBW.weightSpace_finrank_le_rootFiber' audited in the shared kernel dependency traversal
'FreeEntropy.LiePBW.cyclic_weightSpace_finrank_le_rootFiber' audited in the shared kernel dependency traversal
'FreeEntropy.LiePBW.coordinate_weight_has_assignment' audited in the shared kernel dependency traversal
'FreeEntropy.LiePBW.fullKey' audited in the shared kernel dependency traversal
'FreeEntropy.LiePBW.fullKey_injective' audited in the shared kernel dependency traversal
'FreeEntropy.LiePBW.lower_of_fullKey_le' audited in the shared kernel dependency traversal
'FreeEntropy.LiePBW.fully_ordered_word_scalar_lowering' audited in the shared kernel dependency traversal
'FreeEntropy.LiePBW.loweringRoot' audited in the shared kernel dependency traversal
'FreeEntropy.LiePBW.loweringList' audited in the shared kernel dependency traversal
'FreeEntropy.LiePBW.loweringList_map' audited in the shared kernel dependency traversal
'FreeEntropy.LiePBW.OrderedLoweringWord' audited in the shared kernel dependency traversal
'FreeEntropy.LiePBW.lowerExponent' audited in the shared kernel dependency traversal
'FreeEntropy.LiePBW.lowerExponent_injective_on_ordered' audited in the shared kernel dependency traversal
'FreeEntropy.LiePBW.lowerWord' audited in the shared kernel dependency traversal
'FreeEntropy.LiePBW.orderedLoweringSpan' audited in the shared kernel dependency traversal
'FreeEntropy.LiePBW.word_action_mem_orderedLoweringSpan' audited in the shared kernel dependency traversal
'FreeEntropy.LiePBW.cyclicSpan_eq_orderedLoweringSpan' audited in the shared kernel dependency traversal
'FreeEntropy.LiePBW.highest_dot_lowering_word_zero' audited in the shared kernel dependency traversal
'FreeEntropy.LiePBW.highest_orthogonal_zero' audited in the shared kernel dependency traversal
'FreeEntropy.LiePBW.highest_line_unique' audited in the shared kernel dependency traversal
'FreeEntropy.LiePBW.offset_add' audited in the shared kernel dependency traversal
'FreeEntropy.LiePBW.offset_single' audited in the shared kernel dependency traversal
'FreeEntropy.LiePBW.exists_positive_root_coeff' audited in the shared kernel dependency traversal
'FreeEntropy.LiePBW.raising_weight_real' audited in the shared kernel dependency traversal
'FreeEntropy.LiePBW.lowering_word_weight' audited in the shared kernel dependency traversal
'FreeEntropy.LiePBW.exists_nonorthogonal_lowering_word' audited in the shared kernel dependency traversal
'FreeEntropy.LiePBW.weights_equal_of_nonorthogonal' audited in the shared kernel dependency traversal
'FreeEntropy.LiePBW.weight_in_root_cone' audited in the shared kernel dependency traversal
'FreeEntropy.LieMatrixCasimir.Generators.exists_weightCoordinates' audited in the shared kernel dependency traversal
'FreeEntropy.LieMatrixCasimir.Generators.weightCoordinates' audited in the shared kernel dependency traversal
'FreeEntropy.MeanDepth.meanDepthConstant' audited in the shared kernel dependency traversal
'FreeEntropy.MeanDepth.meanDepthConstant_nonneg' audited in the shared kernel dependency traversal
'FreeEntropy.MeanDepth.meanDepthConstant_zero' audited in the shared kernel dependency traversal
'FreeEntropy.MeanDepth.first_moment_coefficient' audited in the shared kernel dependency traversal
'FreeEntropy.MeanDepth.root_monomial_le' audited in the shared kernel dependency traversal
'FreeEntropy.MeanDepth.normalized_root_monomial_le' audited in the shared kernel dependency traversal
'FreeEntropy.MeanDepth.hasSum_first_moment' audited in the shared kernel dependency traversal
'FreeEntropy.MeanDepth.finite_mean_le' audited in the shared kernel dependency traversal
'FreeEntropy.MeanDepth.weight_mean_le' audited in the shared kernel dependency traversal
'FreeEntropy.MultiplicityChannels.maximallyMixed' audited in the shared kernel dependency traversal
'FreeEntropy.MultiplicityChannels.maximallyMixed_positive' audited in the shared kernel dependency traversal
'FreeEntropy.MultiplicityChannels.maximallyMixed_trace' audited in the shared kernel dependency traversal
'FreeEntropy.MultiplicityChannels.appendMap' audited in the shared kernel dependency traversal
'FreeEntropy.MultiplicityChannels.partialTrace_kronecker' audited in the shared kernel dependency traversal
'FreeEntropy.MultiplicityChannels.identity_balance' audited in the shared kernel dependency traversal
'FreeEntropy.MultiplicityChannels.appendChannel' audited in the shared kernel dependency traversal
'FreeEntropy.MultiplicityChannels.appendChannel_apply' audited in the shared kernel dependency traversal
'FreeEntropy.MultiplicityChannels.discardChannel' audited in the shared kernel dependency traversal
'FreeEntropy.MultiplicityChannels.discardChannel_apply' audited in the shared kernel dependency traversal
'FreeEntropy.MultiplicityChannels.discard_product' audited in the shared kernel dependency traversal
'FreeEntropy.MultiplicityChannels.discard_append' audited in the shared kernel dependency traversal
'FreeEntropy.MultiplicityChannels.append_discard_product' audited in the shared kernel dependency traversal
'FreeEntropy.MultiplicityChannels.appendMap_positive' audited in the shared kernel dependency traversal
'FreeEntropy.MultiplicityChannels.appendMap_trace' audited in the shared kernel dependency traversal
'FreeEntropy.MultiplicityChannels.traceDistance_append' audited in the shared kernel dependency traversal
'FreeEntropy.Occupation.Occupation' audited in the shared kernel dependency traversal
'FreeEntropy.Occupation.content_sum' audited in the shared kernel dependency traversal
'FreeEntropy.Occupation.ofWord' audited in the shared kernel dependency traversal
'FreeEntropy.Occupation.words_nonempty' audited in the shared kernel dependency traversal
'FreeEntropy.Occupation.typeSize' audited in the shared kernel dependency traversal
'FreeEntropy.Occupation.typeSize_pos' audited in the shared kernel dependency traversal
'FreeEntropy.Occupation.basis' audited in the shared kernel dependency traversal
'FreeEntropy.Occupation.tensorVector' audited in the shared kernel dependency traversal
'FreeEntropy.Occupation.coefficients' audited in the shared kernel dependency traversal
'FreeEntropy.Occupation.basis_isometry' audited in the shared kernel dependency traversal
'FreeEntropy.Occupation.basis_mulVec_coefficients' audited in the shared kernel dependency traversal
'FreeEntropy.Occupation.tensor_pure_embedding' audited in the shared kernel dependency traversal
'FreeEntropy.OccupationCloning.state' audited in the shared kernel dependency traversal
'FreeEntropy.OccupationCloning.state_positive' audited in the shared kernel dependency traversal
'FreeEntropy.OccupationCloning.state_trace' audited in the shared kernel dependency traversal
'FreeEntropy.OccupationCloning.reverse' audited in the shared kernel dependency traversal
'FreeEntropy.OccupationCloning.reverse_state' audited in the shared kernel dependency traversal
'FreeEntropy.OccupationCloning.reverse_error_zero' audited in the shared kernel dependency traversal
'FreeEntropy.OccupationCloning.state_idempotent' audited in the shared kernel dependency traversal
'FreeEntropy.OccupationCloning.forward_target_test' audited in the shared kernel dependency traversal
'FreeEntropy.OccupationCloning.forward_error_exact' audited in the shared kernel dependency traversal
'FreeEntropy.Occupation.highestOccupation' audited in the shared kernel dependency traversal
'FreeEntropy.Occupation.highestOccupation_val' audited in the shared kernel dependency traversal
'FreeEntropy.Occupation.coefficients_single_support' audited in the shared kernel dependency traversal
'FreeEntropy.Occupation.coefficients_nonzero' audited in the shared kernel dependency traversal
'FreeEntropy.Occupation.commutant_scalar_of_nonzero_column' audited in the shared kernel dependency traversal
'FreeEntropy.OccupationCounting.compositionEquivAntidiag' audited in the shared kernel dependency traversal
'FreeEntropy.OccupationCounting.card_compositions' audited in the shared kernel dependency traversal
'FreeEntropy.OccupationCounting.card_compositions_symm' audited in the shared kernel dependency traversal
'FreeEntropy.OccupationCounting.choose_add_eq_product' audited in the shared kernel dependency traversal
'FreeEntropy.OccupationCounting.choose_log_asymptotic' audited in the shared kernel dependency traversal
'FreeEntropy.OccupationCounting.qmdl_rank_one' audited in the shared kernel dependency traversal
'FreeEntropy.Occupation.card_occupation' audited in the shared kernel dependency traversal
'FreeEntropy.Occupation.card_occupation_symm' audited in the shared kernel dependency traversal
'FreeEntropy.Occupation.occupationDimension_pos' audited in the shared kernel dependency traversal
'FreeEntropy.Occupation.occupation_log_asymptotic' audited in the shared kernel dependency traversal
'FreeEntropy.Occupation.occupation_qmdl_asymptotic' audited in the shared kernel dependency traversal
'FreeEntropy.OccupationCloning.dimensionRatio' audited in the shared kernel dependency traversal
'FreeEntropy.OccupationCloning.dimensionRatio_nonneg' audited in the shared kernel dependency traversal
'FreeEntropy.OccupationCloning.dimensionRatio_le_one' audited in the shared kernel dependency traversal
'FreeEntropy.OccupationCloning.forward_formula_dominates' audited in the shared kernel dependency traversal
'FreeEntropy.OccupationCloning.forward_error_of_formula' audited in the shared kernel dependency traversal
'FreeEntropy.Occupation.unitaryRepresentation' audited in the shared kernel dependency traversal
'FreeEntropy.Occupation.unitaryRepresentation_unitary' audited in the shared kernel dependency traversal
'FreeEntropy.Occupation.unitaryRepresentation_continuous' audited in the shared kernel dependency traversal
'FreeEntropy.Occupation.unitaryRepresentation_irreducible' audited in the shared kernel dependency traversal
'FreeEntropy.OccupationCloning.dimensionRatio_product' audited in the shared kernel dependency traversal
'FreeEntropy.OccupationCloning.dimensionRatio_loss_le' audited in the shared kernel dependency traversal
'FreeEntropy.Occupation.sampleWord' audited in the shared kernel dependency traversal
'FreeEntropy.Occupation.contentCoordinates' audited in the shared kernel dependency traversal
'FreeEntropy.Occupation.basis_mulVec_contentCoordinates' audited in the shared kernel dependency traversal
'FreeEntropy.Occupation.basis_column_contentInvariant' audited in the shared kernel dependency traversal
'FreeEntropy.Occupation.projection_fixes_contentInvariant' audited in the shared kernel dependency traversal
'FreeEntropy.Occupation.tensor_preserves_range' audited in the shared kernel dependency traversal
'FreeEntropy.Occupation.symmetricMatrix' audited in the shared kernel dependency traversal
'FreeEntropy.Occupation.symmetricMatrix_intertwines' audited in the shared kernel dependency traversal
'FreeEntropy.Occupation.symmetricMatrix_one' audited in the shared kernel dependency traversal
'FreeEntropy.Occupation.symmetricMatrix_mul' audited in the shared kernel dependency traversal
'FreeEntropy.Occupation.symmetricMatrix_adjoint' audited in the shared kernel dependency traversal
'FreeEntropy.Occupation.symmetricMatrix_unitary' audited in the shared kernel dependency traversal
'FreeEntropy.Occupation.symmetricRepresentation' audited in the shared kernel dependency traversal
'FreeEntropy.Occupation.coefficients_action' audited in the shared kernel dependency traversal
'FreeEntropy.Occupation.tensor_matrix_continuous' audited in the shared kernel dependency traversal
'FreeEntropy.Occupation.symmetricMatrix_continuous' audited in the shared kernel dependency traversal
'FreeEntropy.OccupationSplit.joinWords' audited in the shared kernel dependency traversal
'FreeEntropy.OccupationSplit.joinWords_left' audited in the shared kernel dependency traversal
'FreeEntropy.OccupationSplit.joinWords_right' audited in the shared kernel dependency traversal
'FreeEntropy.OccupationSplit.content_joinWords' audited in the shared kernel dependency traversal
'FreeEntropy.OccupationSplit.joinedBasis' audited in the shared kernel dependency traversal
'FreeEntropy.OccupationSplit.joinedBasis_isometry' audited in the shared kernel dependency traversal
'FreeEntropy.OccupationSplit.productBasis' audited in the shared kernel dependency traversal
'FreeEntropy.OccupationSplit.productBasis_isometry' audited in the shared kernel dependency traversal
'FreeEntropy.OccupationSplit.split' audited in the shared kernel dependency traversal
'FreeEntropy.OccupationSplit.productBasis_mul_split' audited in the shared kernel dependency traversal
'FreeEntropy.OccupationSplit.split_isometry' audited in the shared kernel dependency traversal
'FreeEntropy.OccupationSplit.tensorVector_joinWords' audited in the shared kernel dependency traversal
'FreeEntropy.OccupationSplit.split_coefficients' audited in the shared kernel dependency traversal
'FreeEntropy.OccupationSplit.split_pure' audited in the shared kernel dependency traversal
'FreeEntropy.OccupationSplit.tensor_matrix_joinWords' audited in the shared kernel dependency traversal
'FreeEntropy.OccupationSplit.joinedBasis_intertwines' audited in the shared kernel dependency traversal
'FreeEntropy.OccupationSplit.productBasis_intertwines' audited in the shared kernel dependency traversal
'FreeEntropy.OccupationSplit.split_intertwines' audited in the shared kernel dependency traversal
'FreeEntropy.OccupationCloning.theorem2_pure_cloning' audited in the shared kernel dependency traversal
'FreeEntropy.OccupationCloning.physicalForward' audited in the shared kernel dependency traversal
'FreeEntropy.OccupationCloning.physicalReverse' audited in the shared kernel dependency traversal
'FreeEntropy.OccupationCloning.physicalForward_apply' audited in the shared kernel dependency traversal
'FreeEntropy.OccupationCloning.physicalReverse_exact' audited in the shared kernel dependency traversal
'FreeEntropy.OccupationCloning.physicalForward_error_exact' audited in the shared kernel dependency traversal
'FreeEntropy.OccupationCloning.theorem2_physical_pure_cloning' audited in the shared kernel dependency traversal
'FreeEntropy.Occupation.character' audited in the shared kernel dependency traversal
'FreeEntropy.Occupation.tensor_diagonal' audited in the shared kernel dependency traversal
'FreeEntropy.Occupation.diagonal_intertwines' audited in the shared kernel dependency traversal
'FreeEntropy.Occupation.symmetricMatrix_diagonal' audited in the shared kernel dependency traversal
'FreeEntropy.Occupation.diagonalUnitary' audited in the shared kernel dependency traversal
'FreeEntropy.Occupation.character_separates' audited in the shared kernel dependency traversal
'FreeEntropy.Occupation.commutant_diagonal' audited in the shared kernel dependency traversal
'FreeEntropy.OccupationCloning.forward' audited in the shared kernel dependency traversal
'FreeEntropy.OccupationCloning.forward_apply' audited in the shared kernel dependency traversal
'FreeEntropy.OccupationCloning.pure_cloning' audited in the shared kernel dependency traversal
'FreeEntropy.SchurWeyl.trace_one_subsingleton_state' audited in the shared kernel dependency traversal
'FreeEntropy.SchurWeyl.scalarSourceEncoder' audited in the shared kernel dependency traversal
'FreeEntropy.SchurWeyl.scalarSourceDecoder' audited in the shared kernel dependency traversal
'FreeEntropy.SchurWeyl.scalarSource_roundtrip' audited in the shared kernel dependency traversal
'FreeEntropy.SchurWeyl.scalarSource_worstError' audited in the shared kernel dependency traversal
'FreeEntropy.SchurWeyl.scalar_qmdl' audited in the shared kernel dependency traversal
'FreeEntropy.SchurWeyl.theorem1_scalar_achievability' audited in the shared kernel dependency traversal
'FreeEntropy.SchurWeyl.channel_target_nonempty' audited in the shared kernel dependency traversal
'FreeEntropy.SchurWeyl.theorem1_scalar_converse' audited in the shared kernel dependency traversal
'FreeEntropy.paddedRow' audited in the shared kernel dependency traversal
'FreeEntropy.paddedRow_gap' audited in the shared kernel dependency traversal
'FreeEntropy.typical_gap_upper' audited in the shared kernel dependency traversal
'FreeEntropy.typical_gap_lower' audited in the shared kernel dependency traversal
'FreeEntropy.padded_difference_dominant' audited in the shared kernel dependency traversal
'FreeEntropy.padded_bottom_surplus' audited in the shared kernel dependency traversal
'FreeEntropy.l1_surplus_eq' audited in the shared kernel dependency traversal
'FreeEntropy.protocol_roundtrip_error' audited in the shared kernel dependency traversal
'FreeEntropy.transferred_code_error' audited in the shared kernel dependency traversal
'FreeEntropy.orbit_memory_scalar_bound' audited in the shared kernel dependency traversal
'FreeEntropy.memory_log_bound' audited in the shared kernel dependency traversal
'FreeEntropy.log_correction_tendsto_zero' audited in the shared kernel dependency traversal
'FreeEntropy.optimal_memory_converse_eventually' audited in the shared kernel dependency traversal
'FreeEntropy.nonnegative_ereal_liminf_of_eventual_lower_bound' audited in the shared kernel dependency traversal
'FreeEntropy.optimal_memory_converse' audited in the shared kernel dependency traversal
'FreeEntropy.OrbitEigenvalues.irreducible_orbit_memory_bound_of_eigenvalues' audited in the shared kernel dependency traversal
'FreeEntropy.OrbitEigenvalues.irreducible_orbit_memory_bound_gammaX_of_eigenvalues' audited in the shared kernel dependency traversal
'FreeEntropy.OrbitEigenvalues.orbitCodeOfEigenvalues' audited in the shared kernel dependency traversal
'FreeEntropy.OrbitMemory.tr' audited in the shared kernel dependency traversal
'FreeEntropy.OrbitMemory.tr_add' audited in the shared kernel dependency traversal
'FreeEntropy.OrbitMemory.tr_smul' audited in the shared kernel dependency traversal
'FreeEntropy.OrbitMemory.tr_one' audited in the shared kernel dependency traversal
'FreeEntropy.OrbitMemory.tr_sum' audited in the shared kernel dependency traversal
'FreeEntropy.OrbitMemory.state_le_one' audited in the shared kernel dependency traversal
'FreeEntropy.OrbitMemory.trace_mul_nonneg' audited in the shared kernel dependency traversal
'FreeEntropy.OrbitMemory.trace_mul_mono' audited in the shared kernel dependency traversal
'FreeEntropy.OrbitMemory.positive_linear_mono' audited in the shared kernel dependency traversal
'FreeEntropy.OrbitMemory.channel_spectral_upper' audited in the shared kernel dependency traversal
'FreeEntropy.OrbitMemory.average_trace_pairing' audited in the shared kernel dependency traversal
'FreeEntropy.OrbitMemory.average_overlap_upper' audited in the shared kernel dependency traversal
'FreeEntropy.OrbitMemory.finite_orbit_memory_bound' audited in the shared kernel dependency traversal
'FreeEntropy.OrbitMemory.pairingCLM' audited in the shared kernel dependency traversal
'FreeEntropy.OrbitMemory.pairingCLM_apply' audited in the shared kernel dependency traversal
'FreeEntropy.OrbitMemory.integral_trace_pairing' audited in the shared kernel dependency traversal
'FreeEntropy.OrbitMemory.integral_overlap_upper' audited in the shared kernel dependency traversal
'FreeEntropy.OrbitMemory.integral_orbit_memory_bound' audited in the shared kernel dependency traversal
'FreeEntropy.OrbitTraceDistance.orbit_test_lower' audited in the shared kernel dependency traversal
'FreeEntropy.OrbitTraceDistance.integral_orbit_test_lower' audited in the shared kernel dependency traversal
'FreeEntropy.OrbitTraceDistance.integral_orbit_memory_bound' audited in the shared kernel dependency traversal
'FreeEntropy.OrbitTraceDistance.integral_orbit_memory_bound_of_error_le' audited in the shared kernel dependency traversal
'FreeEntropy.OrbitTraceDistance.compact_orbit_memory_bound' audited in the shared kernel dependency traversal
'FreeEntropy.OrbitTraceDistance.irreducible_orbit_memory_bound' audited in the shared kernel dependency traversal
'FreeEntropy.OrbitTraceDistance.irreducible_orbit_memory_bound_gammaX' audited in the shared kernel dependency traversal
'FreeEntropy.OrbitTraceDistance.OrbitCode.averageError' audited in the shared kernel dependency traversal
'FreeEntropy.OrbitTraceDistance.OrbitCode.memory_bound' audited in the shared kernel dependency traversal
'FreeEntropy.OrbitTraceDistance.theorem1_converse_of_compact_orbit_codes' audited in the shared kernel dependency traversal
'FreeEntropy.SchurWeyl.canonicalTensorState_positive' audited in the shared kernel dependency traversal
'FreeEntropy.SchurWeyl.canonicalTensorState_trace' audited in the shared kernel dependency traversal
'FreeEntropy.SchurWeyl.sectorState_canonical_pullback' audited in the shared kernel dependency traversal
'FreeEntropy.SchurWeyl.sectorCanonicalForward' audited in the shared kernel dependency traversal
'FreeEntropy.SchurWeyl.sectorCanonicalReverse' audited in the shared kernel dependency traversal
'FreeEntropy.SchurWeyl.sectorCanonicalForward_state' audited in the shared kernel dependency traversal
'FreeEntropy.SchurWeyl.sectorCanonicalReverse_error' audited in the shared kernel dependency traversal
'FreeEntropy.SchurWeyl.physical_roundtrip_from_canonical' audited in the shared kernel dependency traversal
'FreeEntropy.SchurWeyl.physicalRepresentation_continuous' audited in the shared kernel dependency traversal
'FreeEntropy.SchurWeyl.physicalSource' audited in the shared kernel dependency traversal
'FreeEntropy.SchurWeyl.physicalSource_positive' audited in the shared kernel dependency traversal
'FreeEntropy.SchurWeyl.physicalSource_continuous' audited in the shared kernel dependency traversal
'FreeEntropy.SchurWeyl.mixedAverageError' audited in the shared kernel dependency traversal
'FreeEntropy.SchurWeyl.actual_transferred_average_error_le' audited in the shared kernel dependency traversal
'FreeEntropy.SchurWeyl.physical_memory_bound_of_comparison' audited in the shared kernel dependency traversal
'FreeEntropy.SchurWeyl.theorem1_physical_converse_of_comparison' audited in the shared kernel dependency traversal
'FreeEntropy.SchurWeyl.exists_sectorHighest_canonical_unitary' audited in the shared kernel dependency traversal
'FreeEntropy.SchurWeyl.source_block_unitary' audited in the shared kernel dependency traversal
'FreeEntropy.SchurWeyl.normalizedBlock_unitary' audited in the shared kernel dependency traversal
'FreeEntropy.SchurWeyl.canonicalTensorSource' audited in the shared kernel dependency traversal
'FreeEntropy.SchurWeyl.canonicalTensorState' audited in the shared kernel dependency traversal
'FreeEntropy.SchurWeyl.source_block_canonical' audited in the shared kernel dependency traversal
'FreeEntropy.SchurWeyl.sectorCanonicalUnitary' audited in the shared kernel dependency traversal
'FreeEntropy.SchurWeyl.sectorCanonicalUnitary_spec' audited in the shared kernel dependency traversal
'FreeEntropy.SchurWeyl.physicalBlock_canonical' audited in the shared kernel dependency traversal
'FreeEntropy.SchurWeyl.sectorState_canonical' audited in the shared kernel dependency traversal
'FreeEntropy.SchurWeyl.canonicalTensorSource_weight_diagonal' audited in the shared kernel dependency traversal
'FreeEntropy.SchurWeyl.canonicalMonomialState' audited in the shared kernel dependency traversal
'FreeEntropy.SchurWeyl.canonicalTensorState_weight_diagonal' audited in the shared kernel dependency traversal
'FreeEntropy.SchurWeyl.typicalCartan_orbit_error_eventually' audited in the shared kernel dependency traversal
'FreeEntropy.SchurWeyl.mixed_comparison_error_eventually' audited in the shared kernel dependency traversal
'FreeEntropy.SchurWeyl.mixedEncoder_error_eventually' audited in the shared kernel dependency traversal
'FreeEntropy.SchurWeyl.mixedDecoder_error_eventually' audited in the shared kernel dependency traversal
'FreeEntropy.SchurWeyl.typicalCartanForward' audited in the shared kernel dependency traversal
'FreeEntropy.SchurWeyl.typicalCartanReverse' audited in the shared kernel dependency traversal
'FreeEntropy.SchurWeyl.typicalCartanForward_of_mem' audited in the shared kernel dependency traversal
'FreeEntropy.SchurWeyl.typicalCartanReverse_of_mem' audited in the shared kernel dependency traversal
'FreeEntropy.SchurWeyl.mixedEncoder' audited in the shared kernel dependency traversal
'FreeEntropy.SchurWeyl.mixedDecoder' audited in the shared kernel dependency traversal
'FreeEntropy.SchurWeyl.mixedComparisonConstant' audited in the shared kernel dependency traversal
'FreeEntropy.SchurWeyl.mixedComparisonConstant_nonneg' audited in the shared kernel dependency traversal
'FreeEntropy.SchurWeyl.mixedComparisonError' audited in the shared kernel dependency traversal
'FreeEntropy.SchurWeyl.mixedComparisonError_nonneg' audited in the shared kernel dependency traversal
'FreeEntropy.SchurWeyl.mixedComparisonError_isBigO' audited in the shared kernel dependency traversal
'FreeEntropy.SchurWeyl.typicalCartan_diagonal_error_eventually' audited in the shared kernel dependency traversal
'FreeEntropy.SchurWeyl.canonicalWeightTensorState_eq_orbit' audited in the shared kernel dependency traversal
'FreeEntropy.SchurWeyl.physicalTypical_highest_supported' audited in the shared kernel dependency traversal
'FreeEntropy.SchurWeyl.physicalSectorState_canonicalOrbit' audited in the shared kernel dependency traversal
'FreeEntropy.SchurWeyl.physicalSectorState_canonicalOrbit_pullback' audited in the shared kernel dependency traversal
'FreeEntropy.SchurWeyl.sectorOrbitForward' audited in the shared kernel dependency traversal
'FreeEntropy.SchurWeyl.sectorOrbitReverse' audited in the shared kernel dependency traversal
'FreeEntropy.SchurWeyl.sectorOrbitForward_state' audited in the shared kernel dependency traversal
'FreeEntropy.SchurWeyl.sectorOrbitReverse_error' audited in the shared kernel dependency traversal
'FreeEntropy.SchurWeyl.physicalOrbitEncoder' audited in the shared kernel dependency traversal
'FreeEntropy.SchurWeyl.physicalOrbitDecoder' audited in the shared kernel dependency traversal
'FreeEntropy.SchurWeyl.physicalOrbit_forward_error_le' audited in the shared kernel dependency traversal
'FreeEntropy.SchurWeyl.physicalOrbit_reverse_error_le' audited in the shared kernel dependency traversal
'FreeEntropy.SchurWeyl.physicalEncoder_source' audited in the shared kernel dependency traversal
'FreeEntropy.SchurWeyl.physical_forward_error_le' audited in the shared kernel dependency traversal
'FreeEntropy.SchurWeyl.physical_reverse_error_le' audited in the shared kernel dependency traversal
'FreeEntropy.SchurWeyl.physicalDensity' audited in the shared kernel dependency traversal
'FreeEntropy.SchurWeyl.physicalDiagonal_positive' audited in the shared kernel dependency traversal
'FreeEntropy.SchurWeyl.physicalDiagonal_trace' audited in the shared kernel dependency traversal
'FreeEntropy.SchurWeyl.physicalDensity_positive' audited in the shared kernel dependency traversal
'FreeEntropy.SchurWeyl.physicalDensity_trace' audited in the shared kernel dependency traversal
'FreeEntropy.SchurWeyl.physicalProbability' audited in the shared kernel dependency traversal
'FreeEntropy.SchurWeyl.physicalProbability_nonneg' audited in the shared kernel dependency traversal
'FreeEntropy.SchurWeyl.physicalProbability_sum' audited in the shared kernel dependency traversal
'FreeEntropy.SchurWeyl.physicalSectorState' audited in the shared kernel dependency traversal
'FreeEntropy.SchurWeyl.physicalSectorState_positive' audited in the shared kernel dependency traversal
'FreeEntropy.SchurWeyl.physicalSectorState_trace' audited in the shared kernel dependency traversal
'FreeEntropy.SchurWeyl.physical_source_mixture' audited in the shared kernel dependency traversal
'FreeEntropy.SchurWeyl.physicalEncoder' audited in the shared kernel dependency traversal
'FreeEntropy.SchurWeyl.physicalDecoder' audited in the shared kernel dependency traversal
'FreeEntropy.SchurWeyl.physicalTypical' audited in the shared kernel dependency traversal
'FreeEntropy.SchurWeyl.physical_outsideMass' audited in the shared kernel dependency traversal
'FreeEntropy.SchurWeyl.physical_roundtrip_error_le' audited in the shared kernel dependency traversal
'FreeEntropy.SchurWeyl.physicalSource_trace' audited in the shared kernel dependency traversal
'FreeEntropy.SchurWeyl.mixedWorstError' audited in the shared kernel dependency traversal
'FreeEntropy.SchurWeyl.physical_error_le_one' audited in the shared kernel dependency traversal
'FreeEntropy.SchurWeyl.physical_error_le_worst' audited in the shared kernel dependency traversal
'FreeEntropy.SchurWeyl.mixedWorstError_nonneg' audited in the shared kernel dependency traversal
'FreeEntropy.SchurWeyl.mixedWorstError_le' audited in the shared kernel dependency traversal
'FreeEntropy.SchurWeyl.mixedAverageError_nonneg' audited in the shared kernel dependency traversal
'FreeEntropy.SchurWeyl.mixedAverageError_le_worst' audited in the shared kernel dependency traversal
'FreeEntropy.SchurWeyl.mixedAverageError_tendsto_of_uniform' audited in the shared kernel dependency traversal
'FreeEntropy.SchurWeyl.physical_roundtrip_of_comparison' audited in the shared kernel dependency traversal
'FreeEntropy.SchurWeyl.theorem1_physical_achievability_of_comparison' audited in the shared kernel dependency traversal
'FreeEntropy.PolynomialOrbit.monomial_functionals_independent' audited in the shared kernel dependency traversal
'FreeEntropy.PolynomialOrbit.card_le_finrank_of_monomial_orbit' audited in the shared kernel dependency traversal
'FreeEntropy.ProjectorGeometry.scalar_smul_mono' audited in the shared kernel dependency traversal
'FreeEntropy.ProjectorGeometry.conjugate_mono' audited in the shared kernel dependency traversal
'FreeEntropy.ProjectorGeometry.projector_square_compression' audited in the shared kernel dependency traversal
'FreeEntropy.ProjectorGeometry.projector_deficit_le_of_norm' audited in the shared kernel dependency traversal
'FreeEntropy.ProjectorGeometry.projector_block_bounds' audited in the shared kernel dependency traversal
'FreeEntropy.ProjectorGeometry.compressed_gap_bound' audited in the shared kernel dependency traversal
'FreeEntropy.typicalWidth' audited in the shared kernel dependency traversal
'FreeEntropy.typicalWidth_div_tendsto_zero' audited in the shared kernel dependency traversal
'FreeEntropy.paddedRow_normalized_tendsto' audited in the shared kernel dependency traversal
'FreeEntropy.achieving_error_of_estimates' audited in the shared kernel dependency traversal
'FreeEntropy.theorem1_achievability_of_estimates' audited in the shared kernel dependency traversal
'FreeEntropy.theorem1_converse_of_estimates' audited in the shared kernel dependency traversal
'FreeEntropy.Protocol.outsideMass' audited in the shared kernel dependency traversal
'FreeEntropy.Protocol.weighted_error_le' audited in the shared kernel dependency traversal
'FreeEntropy.Protocol.roundtrip_error_le' audited in the shared kernel dependency traversal
'FreeEntropy.Protocol.error_isBigO' audited in the shared kernel dependency traversal
'FreeEntropy.PureTensorCompression.theorem1_pure_achievability' audited in the shared kernel dependency traversal
'FreeEntropy.PureTensorCompression.pure_memory_dimension' audited in the shared kernel dependency traversal
'FreeEntropy.PureTensorCompression.occupationState' audited in the shared kernel dependency traversal
'FreeEntropy.PureTensorCompression.occupationState_positive' audited in the shared kernel dependency traversal
'FreeEntropy.PureTensorCompression.occupationState_trace' audited in the shared kernel dependency traversal
'FreeEntropy.PureTensorCompression.pure_idempotent_of_trace' audited in the shared kernel dependency traversal
'FreeEntropy.PureTensorCompression.physicalOrbitState' audited in the shared kernel dependency traversal
'FreeEntropy.PureTensorCompression.occupationOrbitState' audited in the shared kernel dependency traversal
'FreeEntropy.PureTensorCompression.physicalOrbitState_embedding' audited in the shared kernel dependency traversal
'FreeEntropy.PureTensorCompression.occupationOrbitState_positive' audited in the shared kernel dependency traversal
'FreeEntropy.PureTensorCompression.physicalOrbitState_positive' audited in the shared kernel dependency traversal
'FreeEntropy.PureTensorCompression.occupationOrbitState_continuous' audited in the shared kernel dependency traversal
'FreeEntropy.PureTensorCompression.physicalOrbitState_continuous' audited in the shared kernel dependency traversal
'FreeEntropy.PureTensorCompression.physicalAverageError' audited in the shared kernel dependency traversal
'FreeEntropy.PureTensorCompression.transferred_average_error_le' audited in the shared kernel dependency traversal
'FreeEntropy.PureTensorCompression.pure_memory_bound' audited in the shared kernel dependency traversal
'FreeEntropy.PureTensorCompression.theorem1_pure_converse' audited in the shared kernel dependency traversal
'FreeEntropy.PureTensorCompression.defaultOccupation' audited in the shared kernel dependency traversal
'FreeEntropy.PureTensorCompression.encoder' audited in the shared kernel dependency traversal
'FreeEntropy.PureTensorCompression.decoder' audited in the shared kernel dependency traversal
'FreeEntropy.PureTensorCompression.roundtrip' audited in the shared kernel dependency traversal
'FreeEntropy.PureTensorCompression.error_zero' audited in the shared kernel dependency traversal
'FreeEntropy.PureTensorCompression.source_state' audited in the shared kernel dependency traversal
'FreeEntropy.PureTensorCompression.uniform_error_zero' audited in the shared kernel dependency traversal
'FreeEntropy.QuantumProtocol.roundtrip_error' audited in the shared kernel dependency traversal
'FreeEntropy.QuantumProtocol.transferred_code_error' audited in the shared kernel dependency traversal
'FreeEntropy.QuantumProtocol.mixture_roundtrip_error' audited in the shared kernel dependency traversal
'FreeEntropy.QuantumProtocol.typical_roundtrip_error' audited in the shared kernel dependency traversal
'FreeEntropy.QuantumTransfer.channel_continuous' audited in the shared kernel dependency traversal
'FreeEntropy.QuantumTransfer.integrable_traceDistance' audited in the shared kernel dependency traversal
'FreeEntropy.QuantumTransfer.compact_transferred_average_error' audited in the shared kernel dependency traversal
'FreeEntropy.QuantumTransfer.compact_transferred_average_error_le' audited in the shared kernel dependency traversal
'FreeEntropy.QuantumTransfer.TransferCode.transferred' audited in the shared kernel dependency traversal
'FreeEntropy.QuantumTransfer.TransferCode.targetState' audited in the shared kernel dependency traversal
'FreeEntropy.QuantumTransfer.TransferCode.forwardError' audited in the shared kernel dependency traversal
'FreeEntropy.QuantumTransfer.TransferCode.reverseError' audited in the shared kernel dependency traversal
'FreeEntropy.QuantumTransfer.TransferCode.sourceAverageError' audited in the shared kernel dependency traversal
'FreeEntropy.QuantumTransfer.TransferCode.target_continuous' audited in the shared kernel dependency traversal
'FreeEntropy.QuantumTransfer.TransferCode.target_positive' audited in the shared kernel dependency traversal
'FreeEntropy.QuantumTransfer.TransferCode.averageError_le' audited in the shared kernel dependency traversal
'FreeEntropy.QuantumTransfer.TransferCode.averageError_le_of_average' audited in the shared kernel dependency traversal
'FreeEntropy.QuantumTransfer.TransferCode.memory_bound' audited in the shared kernel dependency traversal
'FreeEntropy.QuantumTransfer.theorem1_converse_of_transferred_weight_codes' audited in the shared kernel dependency traversal
'FreeEntropy.CartanLieCloning.CyclicWeightModel.basisDepth' audited in the shared kernel dependency traversal
'FreeEntropy.CartanLieCloning.CyclicWeightModel.depth_eq_energy' audited in the shared kernel dependency traversal
'FreeEntropy.CartanLieCloning.CyclicWeightModel.raising_entry_depth_lt' audited in the shared kernel dependency traversal
'FreeEntropy.CartanLieCloning.CyclicWeightModel.raising_support_depth_lt' audited in the shared kernel dependency traversal
'FreeEntropy.CartanLieCloning.CyclicWeightModel.exists_highest_mem_of_raising_invariant' audited in the shared kernel dependency traversal
'FreeEntropy.CartanLieCloning.CyclicWeightModel.eq_bot_of_raising_invariant' audited in the shared kernel dependency traversal
'FreeEntropy.RankOneCompression.orbitState' audited in the shared kernel dependency traversal
'FreeEntropy.RankOneCompression.averageError' audited in the shared kernel dependency traversal
'FreeEntropy.RankOneCompression.averageError_le_of_uniform' audited in the shared kernel dependency traversal
'FreeEntropy.RankOneCompression.pure_covariance' audited in the shared kernel dependency traversal
'FreeEntropy.RankOneCompression.rank_one_roundtrip' audited in the shared kernel dependency traversal
'FreeEntropy.RankOneCompression.theorem1_rank_one_achievability' audited in the shared kernel dependency traversal
'FreeEntropy.RankOneCompression.rank_one_memory_bound' audited in the shared kernel dependency traversal
'FreeEntropy.RankOneCompression.theorem1_rank_one_converse' audited in the shared kernel dependency traversal
'FreeEntropy.RankOneCompression.theorem1_rank_one_converse_of_uniform' audited in the shared kernel dependency traversal
'FreeEntropy.RankOneCompression.theorem2_rank_one_cloning' audited in the shared kernel dependency traversal
'FreeEntropy.RankOneStates.exists_normalized_vector_of_hermitian' audited in the shared kernel dependency traversal
'FreeEntropy.RankOneStates.exists_normalized_vector' audited in the shared kernel dependency traversal
'FreeEntropy.ExteriorRepresentation.rankLowerRoots' audited in the shared kernel dependency traversal
'FreeEntropy.ExteriorRepresentation.rankLowerRootEquiv' audited in the shared kernel dependency traversal
'FreeEntropy.ExteriorRepresentation.card_rankLowerRoots' audited in the shared kernel dependency traversal
'FreeEntropy.ExteriorRepresentation.rank_root_fibers_depth_le' audited in the shared kernel dependency traversal
'FreeEntropy.ExteriorRepresentation.canonical_offsetMultiplicity_le_rootFiber' audited in the shared kernel dependency traversal
'FreeEntropy.ExteriorRepresentation.canonical_offsetMultiplicity_rank_depth_le' audited in the shared kernel dependency traversal
'FreeEntropy.CartanChoi.flipConjugate' audited in the shared kernel dependency traversal
'FreeEntropy.CartanChoi.reverseEmbedding' audited in the shared kernel dependency traversal
'FreeEntropy.CartanChoi.reverseProjector' audited in the shared kernel dependency traversal
'FreeEntropy.CartanChoi.reverseEmbedding_projector' audited in the shared kernel dependency traversal
'FreeEntropy.CartanChoi.reverseEmbedding_isometry' audited in the shared kernel dependency traversal
'FreeEntropy.CartanChoi.reverseProjector_hermitian' audited in the shared kernel dependency traversal
'FreeEntropy.CartanChoi.reverseProjector_positive' audited in the shared kernel dependency traversal
'FreeEntropy.CartanChoi.reverseProjector_idempotent' audited in the shared kernel dependency traversal
'FreeEntropy.CartanChoi.reverseProjector_rank' audited in the shared kernel dependency traversal
'FreeEntropy.CartanChoi.choi_reverseMap' audited in the shared kernel dependency traversal
'FreeEntropy.CartanChoi.choi_reverse_eq_scaled_projector' audited in the shared kernel dependency traversal
'FreeEntropy.CartanChoi.choiMap_choi_linear' audited in the shared kernel dependency traversal
'FreeEntropy.CartanChoi.choiMap_reverseMap' audited in the shared kernel dependency traversal
'FreeEntropy.CartanChoi.reverseEmbeddings' audited in the shared kernel dependency traversal
'FreeEntropy.CartanChoi.reverse_embedding_to_forward' audited in the shared kernel dependency traversal
'FreeEntropy.CartanChoi.dualEmbeddings_eq_span_embedding' audited in the shared kernel dependency traversal
'FreeEntropy.CartanChoi.reverse_embedding_scalar' audited in the shared kernel dependency traversal
'FreeEntropy.CartanChoi.reverseEmbeddings_eq_span' audited in the shared kernel dependency traversal
'FreeEntropy.CartanChoi.reverseEmbeddings_finrank' audited in the shared kernel dependency traversal
'FreeEntropy.CartanChoi.reverseProjector_unique' audited in the shared kernel dependency traversal
'FreeEntropy.ExteriorRepresentation.canonicalReverseChoi_multiplicity_one' audited in the shared kernel dependency traversal
'FreeEntropy.ExteriorRepresentation.canonicalReverseChoi_embedding_unique' audited in the shared kernel dependency traversal
'FreeEntropy.ExteriorRepresentation.canonicalReverseChoiProjector_unique' audited in the shared kernel dependency traversal
'FreeEntropy.CartanChoi.reverseEmbedding_intertwines' audited in the shared kernel dependency traversal
'FreeEntropy.CartanChoi.reverseProjector_highest_cyclic' audited in the shared kernel dependency traversal
'FreeEntropy.ExteriorRepresentation.canonicalReverseChoi_highest_cyclic' audited in the shared kernel dependency traversal
'FreeEntropy.RootPartitionFunction.monomial_sum_le_product' audited in the shared kernel dependency traversal
'FreeEntropy.RootPartitionFunction.rootRatio' audited in the shared kernel dependency traversal
'FreeEntropy.RootPartitionFunction.rootRatio_nonneg' audited in the shared kernel dependency traversal
'FreeEntropy.RootPartitionFunction.rootRatio_lt_one' audited in the shared kernel dependency traversal
'FreeEntropy.RootPartitionFunction.rootWeight_eq_root_product' audited in the shared kernel dependency traversal
'FreeEntropy.RootPartitionFunction.rootWeight_sum_le_product' audited in the shared kernel dependency traversal
'FreeEntropy.RootPartitionFunction.adjacentRatio_product' audited in the shared kernel dependency traversal
'FreeEntropy.RootPartitionFunction.rootRatio_zero_of_rank_le' audited in the shared kernel dependency traversal
'FreeEntropy.RootPartitionFunction.root_product_eq_spectralProduct' audited in the shared kernel dependency traversal
'FreeEntropy.RootPartitionFunction.fixedSpectrum_partition_upper' audited in the shared kernel dependency traversal
'FreeEntropy.RootPartitionFunction.fixedSpectrum_top_lower' audited in the shared kernel dependency traversal
'FreeEntropy.RootPartitionFunction.weightData_top_lower' audited in the shared kernel dependency traversal
'FreeEntropy.RootPartitionFunction.weightData_gammaX_gap' audited in the shared kernel dependency traversal
'FreeEntropy.RootPartitionFunction.weightData_memory_bound_gammaX' audited in the shared kernel dependency traversal
'FreeEntropy.Twirling.irreducible_of_scalar_commutant' audited in the shared kernel dependency traversal
'FreeEntropy.SchurAchievability.Code.Source' audited in the shared kernel dependency traversal
'FreeEntropy.SchurAchievability.Code.source' audited in the shared kernel dependency traversal
'FreeEntropy.SchurAchievability.Code.encoder' audited in the shared kernel dependency traversal
'FreeEntropy.SchurAchievability.Code.decoder' audited in the shared kernel dependency traversal
'FreeEntropy.SchurAchievability.Code.source_positive' audited in the shared kernel dependency traversal
'FreeEntropy.SchurAchievability.Code.source_trace' audited in the shared kernel dependency traversal
'FreeEntropy.SchurAchievability.Code.error' audited in the shared kernel dependency traversal
'FreeEntropy.SchurAchievability.Code.error_nonneg' audited in the shared kernel dependency traversal
'FreeEntropy.SchurAchievability.Code.tail' audited in the shared kernel dependency traversal
'FreeEntropy.SchurAchievability.Code.error_le_sector_errors' audited in the shared kernel dependency traversal
'FreeEntropy.SchurAchievability.rateConstant' audited in the shared kernel dependency traversal
'FreeEntropy.SchurAchievability.rateConstant_nonneg' audited in the shared kernel dependency traversal
'FreeEntropy.SchurAchievability.errorScale_nonneg' audited in the shared kernel dependency traversal
'FreeEntropy.SchurAchievability.cloningEnvelope' audited in the shared kernel dependency traversal
'FreeEntropy.SchurAchievability.Code.error_le_from_rows' audited in the shared kernel dependency traversal
'FreeEntropy.SchurAchievability.theorem1_schur_achievability' audited in the shared kernel dependency traversal
'FreeEntropy.SchurAchievability.Code.tail_le_from_diagrams' audited in the shared kernel dependency traversal
'FreeEntropy.SchurAchievability.theorem1_schur_achievability_of_pointwise' audited in the shared kernel dependency traversal
'FreeEntropy.SchurProbability.integralRow' audited in the shared kernel dependency traversal
'FreeEntropy.SchurProbability.pattern_card_le' audited in the shared kernel dependency traversal
'FreeEntropy.SchurProbability.adjacent' audited in the shared kernel dependency traversal
'FreeEntropy.SchurProbability.adjacent_nonneg' audited in the shared kernel dependency traversal
'FreeEntropy.SchurProbability.adjacent_le_one' audited in the shared kernel dependency traversal
'FreeEntropy.SchurProbability.rootWeight_le_one' audited in the shared kernel dependency traversal
'FreeEntropy.SchurProbability.gtCharacter' audited in the shared kernel dependency traversal
'FreeEntropy.SchurProbability.gtCharacter_le' audited in the shared kernel dependency traversal
'FreeEntropy.SchurProbability.schurMass' audited in the shared kernel dependency traversal
'FreeEntropy.SchurProbability.schurMass_le' audited in the shared kernel dependency traversal
'FreeEntropy.SchurProbability.cut_pairing' audited in the shared kernel dependency traversal
'FreeEntropy.SchurProbability.adjacent_pos' audited in the shared kernel dependency traversal
'FreeEntropy.SchurProbability.gt_monomial_eq' audited in the shared kernel dependency traversal
'FreeEntropy.SchurProbability.gtCharacter_eq_weight_sum' audited in the shared kernel dependency traversal
'FreeEntropy.SchurProbability.tableau_gt_character_le' audited in the shared kernel dependency traversal
'FreeEntropy.SchurProbability.gt_weight_nonneg' audited in the shared kernel dependency traversal
'FreeEntropy.SchurProbability.gtCharacter_eq_nat_weight_sum' audited in the shared kernel dependency traversal
'FreeEntropy.SchurAchievability.Code.TableauGTFormula.toDiagramEstimate' audited in the shared kernel dependency traversal
'FreeEntropy.SchurAchievability.Code.tail_le_from_tableau_gt' audited in the shared kernel dependency traversal
'FreeEntropy.SchurAchievability.theorem1_schur_achievability_of_tableau_gt' audited in the shared kernel dependency traversal
'FreeEntropy.SchurProbabilityTableaux.StandardTableau.ext' audited in the shared kernel dependency traversal
'FreeEntropy.SchurProbabilityTableaux.rowWord' audited in the shared kernel dependency traversal
'FreeEntropy.SchurProbabilityTableaux.range_entry_row' audited in the shared kernel dependency traversal
'FreeEntropy.SchurProbabilityTableaux.rowWord_injective' audited in the shared kernel dependency traversal
'FreeEntropy.SchurProbabilityTableaux.rowWord_content' audited in the shared kernel dependency traversal
'FreeEntropy.SchurProbabilityTableaux.toWords' audited in the shared kernel dependency traversal
'FreeEntropy.SchurProbabilityTableaux.toWords_injective' audited in the shared kernel dependency traversal
'FreeEntropy.SchurProbabilityTableaux.tableau_card_le_words' audited in the shared kernel dependency traversal
'FreeEntropy.SchurProbabilityTableaux.tableau_monomial_le_exp_neg_kl' audited in the shared kernel dependency traversal
'FreeEntropy.SchurProtocol.sectorEncoder' audited in the shared kernel dependency traversal
'FreeEntropy.SchurProtocol.sectorDecoder' audited in the shared kernel dependency traversal
'FreeEntropy.SchurProtocol.encoder' audited in the shared kernel dependency traversal
'FreeEntropy.SchurProtocol.decoder' audited in the shared kernel dependency traversal
'FreeEntropy.SchurProtocol.sourceState' audited in the shared kernel dependency traversal
'FreeEntropy.SchurProtocol.sourceState_positive' audited in the shared kernel dependency traversal
'FreeEntropy.SchurProtocol.sourceState_trace' audited in the shared kernel dependency traversal
'FreeEntropy.SchurProtocol.sectorEncoder_product' audited in the shared kernel dependency traversal
'FreeEntropy.SchurProtocol.sectorDecoder_apply' audited in the shared kernel dependency traversal
'FreeEntropy.SchurProtocol.sectorDecoder_error' audited in the shared kernel dependency traversal
'FreeEntropy.SchurProtocol.encoder_sourceState' audited in the shared kernel dependency traversal
'FreeEntropy.SchurProtocol.typical_roundtrip_error' audited in the shared kernel dependency traversal
'FreeEntropy.SchurProtocol.changeBasisChannel' audited in the shared kernel dependency traversal
'FreeEntropy.SchurProtocol.changeBasisChannel_apply' audited in the shared kernel dependency traversal
'FreeEntropy.SchurProtocol.transportEncoder' audited in the shared kernel dependency traversal
'FreeEntropy.SchurProtocol.transportDecoder' audited in the shared kernel dependency traversal
'FreeEntropy.SchurProtocol.transported_roundtrip_error_eq' audited in the shared kernel dependency traversal
'FreeEntropy.SchurProtocol.typical_roundtrip_error_in_basis' audited in the shared kernel dependency traversal
'FreeEntropy.SchurWeyl.physicalRepresentation' audited in the shared kernel dependency traversal
'FreeEntropy.SchurWeyl.physicalRepresentation_unitary' audited in the shared kernel dependency traversal
'FreeEntropy.SchurWeyl.restriction_unitary' audited in the shared kernel dependency traversal
'FreeEntropy.SchurWeyl.intertwiner_adjoint' audited in the shared kernel dependency traversal
'FreeEntropy.SchurWeyl.copy_matrixUnit_commutant' audited in the shared kernel dependency traversal
'FreeEntropy.SchurWeyl.source_intertwines' audited in the shared kernel dependency traversal
'FreeEntropy.SchurWeyl.source_crossBlock_zero' audited in the shared kernel dependency traversal
'FreeEntropy.SchurWeyl.source_blocks_equal' audited in the shared kernel dependency traversal
'FreeEntropy.SchurWeyl.source_block_sum' audited in the shared kernel dependency traversal
'FreeEntropy.SchurWeyl.sectorProbability_sum_grouped' audited in the shared kernel dependency traversal
'FreeEntropy.SchurWeyl.physicalAtypicalMass' audited in the shared kernel dependency traversal
'FreeEntropy.SchurWeyl.physicalAtypicalMass_le_tailBound' audited in the shared kernel dependency traversal
'FreeEntropy.SchurWeyl.physicalAtypicalMass_eventually_le_inv' audited in the shared kernel dependency traversal
'FreeEntropy.SchurWeyl.sectorProbability_unitary_conjugate' audited in the shared kernel dependency traversal
'FreeEntropy.SchurWeyl.physical_orbit_atypical_tail_le' audited in the shared kernel dependency traversal
'FreeEntropy.SchurWeyl.SectorsAt' audited in the shared kernel dependency traversal
'FreeEntropy.SchurWeyl.sectorWeightEmbedding_orthogonal' audited in the shared kernel dependency traversal
'FreeEntropy.SchurWeyl.sector_highestBasis_occupation' audited in the shared kernel dependency traversal
'FreeEntropy.SchurWeyl.groupedHighestColumns' audited in the shared kernel dependency traversal
'FreeEntropy.SchurWeyl.groupedHighestColumns_isometry' audited in the shared kernel dependency traversal
'FreeEntropy.SchurWeyl.sectorsAt_card_le_words' audited in the shared kernel dependency traversal
'FreeEntropy.SchurWeyl.monomial_le_of_root_cone_pos' audited in the shared kernel dependency traversal
'FreeEntropy.SchurWeyl.monomial_le_of_root_cone' audited in the shared kernel dependency traversal
'FreeEntropy.SchurWeyl.sector_monomial_le_highest' audited in the shared kernel dependency traversal
'FreeEntropy.SchurWeyl.sectorProbability_diagonal' audited in the shared kernel dependency traversal
'FreeEntropy.SchurWeyl.sectorProbability_le_highest' audited in the shared kernel dependency traversal
'FreeEntropy.SchurWeyl.highestSectorMass' audited in the shared kernel dependency traversal
'FreeEntropy.SchurWeyl.concentrationExponent' audited in the shared kernel dependency traversal
'FreeEntropy.SchurWeyl.highestSectorMass_le_type' audited in the shared kernel dependency traversal
'FreeEntropy.SchurWeyl.highestSectorMass_le_exp_neg_kl' audited in the shared kernel dependency traversal
'FreeEntropy.SchurWeyl.highestSectorMass_le_zero_of_unsupported' audited in the shared kernel dependency traversal
'FreeEntropy.FiniteConcentration.l1_sq_div_four_le_kl_of_support' audited in the shared kernel dependency traversal
'FreeEntropy.WordTypes.entropy_exponential_of_support' audited in the shared kernel dependency traversal
'FreeEntropy.WordTypes.type_probability_le_exp_neg_kl_of_support' audited in the shared kernel dependency traversal
'FreeEntropy.SchurWeyl.occupation_card_le' audited in the shared kernel dependency traversal
'FreeEntropy.SchurWeyl.physical_grouped_tail_le' audited in the shared kernel dependency traversal
'FreeEntropy.SchurWeyl.occupationRow' audited in the shared kernel dependency traversal
'FreeEntropy.SchurWeyl.physicalSpectrum' audited in the shared kernel dependency traversal
'FreeEntropy.SchurWeyl.physicalSpectrum_nonneg' audited in the shared kernel dependency traversal
'FreeEntropy.SchurWeyl.physicalSpectrum_antitone' audited in the shared kernel dependency traversal
'FreeEntropy.SchurWeyl.physicalSpectrum_normalized' audited in the shared kernel dependency traversal
'FreeEntropy.SchurWeyl.occupation_notTypical_l1' audited in the shared kernel dependency traversal
'FreeEntropy.SchurWeyl.physical_atypical_grouped_tail_le' audited in the shared kernel dependency traversal
'FreeEntropy.SchurWeyl.multiplicityEmbedding' audited in the shared kernel dependency traversal
'FreeEntropy.SchurWeyl.multiplicityEmbedding_isometry' audited in the shared kernel dependency traversal
'FreeEntropy.SchurWeyl.multiplicityEmbedding_compression_entry' audited in the shared kernel dependency traversal
'FreeEntropy.SchurWeyl.source_multiplicity_identity' audited in the shared kernel dependency traversal
'FreeEntropy.SchurWeyl.source_compressed_positive' audited in the shared kernel dependency traversal
'FreeEntropy.SchurWeyl.normalizedBlock' audited in the shared kernel dependency traversal
'FreeEntropy.SchurWeyl.positive_trace_real' audited in the shared kernel dependency traversal
'FreeEntropy.SchurWeyl.normalizedBlock_positive' audited in the shared kernel dependency traversal
'FreeEntropy.SchurWeyl.normalizedBlock_trace' audited in the shared kernel dependency traversal
'FreeEntropy.SchurWeyl.block_eq_trace_smul_normalized' audited in the shared kernel dependency traversal
'FreeEntropy.SchurWeyl.multiplicity_block_normalized' audited in the shared kernel dependency traversal
'FreeEntropy.SchurWeyl.multiplicity_mass_nonneg' audited in the shared kernel dependency traversal
'FreeEntropy.SchurWeyl.source_multiplicity_normalized' audited in the shared kernel dependency traversal
'FreeEntropy.SchurWeyl.physicalDecomposition' audited in the shared kernel dependency traversal
'FreeEntropy.SchurWeyl.Sector' audited in the shared kernel dependency traversal
'FreeEntropy.SchurWeyl.SectorSpace' audited in the shared kernel dependency traversal
'FreeEntropy.SchurWeyl.physicalBlock' audited in the shared kernel dependency traversal
'FreeEntropy.SchurWeyl.sectorProbability' audited in the shared kernel dependency traversal
'FreeEntropy.SchurWeyl.sectorState' audited in the shared kernel dependency traversal
'FreeEntropy.SchurWeyl.physicalBlock_positive' audited in the shared kernel dependency traversal
'FreeEntropy.SchurWeyl.sectorProbability_nonneg' audited in the shared kernel dependency traversal
'FreeEntropy.SchurWeyl.sectorState_positive' audited in the shared kernel dependency traversal
'FreeEntropy.SchurWeyl.sectorState_trace' audited in the shared kernel dependency traversal
'FreeEntropy.SchurWeyl.physical_source_block_sum' audited in the shared kernel dependency traversal
'FreeEntropy.SchurWeyl.physical_source_normalized_sum' audited in the shared kernel dependency traversal
'FreeEntropy.SchurWeyl.sectorProbability_sum' audited in the shared kernel dependency traversal
'FreeEntropy.SchurWeyl.physicalBasis' audited in the shared kernel dependency traversal
'FreeEntropy.SchurWeyl.physicalBasis_isometry' audited in the shared kernel dependency traversal
'FreeEntropy.SchurWeyl.physicalBasis_coisometry' audited in the shared kernel dependency traversal
'FreeEntropy.SchurWeyl.physical_source_in_basis' audited in the shared kernel dependency traversal
'FreeEntropy.SchurWeyl.TensorCommutant' audited in the shared kernel dependency traversal
'FreeEntropy.SchurWeyl.tensorVector_eq_character' audited in the shared kernel dependency traversal
'FreeEntropy.SchurWeyl.TensorCommutant.entry_eq_zero' audited in the shared kernel dependency traversal
'FreeEntropy.SchurWeyl.TensorCommutant.diagonal' audited in the shared kernel dependency traversal
'FreeEntropy.SchurWeyl.TensorCommutant.hermitian' audited in the shared kernel dependency traversal
'FreeEntropy.SchurWeyl.TensorCommutant.positive' audited in the shared kernel dependency traversal
'FreeEntropy.SchurWeyl.contentProjection' audited in the shared kernel dependency traversal
'FreeEntropy.SchurWeyl.contentProjection_mulVec' audited in the shared kernel dependency traversal
'FreeEntropy.SchurWeyl.TensorCommutant.commutes_contentProjection' audited in the shared kernel dependency traversal
'FreeEntropy.SchurWeyl.invariant_projection_commutant' audited in the shared kernel dependency traversal
'FreeEntropy.SchurWeyl.contentProjection_mem' audited in the shared kernel dependency traversal
'FreeEntropy.SchurWeyl.supported_torus_eigenvector' audited in the shared kernel dependency traversal
'FreeEntropy.SchurWeyl.exists_weight_vector' audited in the shared kernel dependency traversal
'FreeEntropy.SchurWeyl.torus_eigenvector_supported' audited in the shared kernel dependency traversal
'FreeEntropy.SchurWeyl.orthonormal_supported_card_le' audited in the shared kernel dependency traversal
'FreeEntropy.SchurWeyl.orthonormal_weight_card_le' audited in the shared kernel dependency traversal
'FreeEntropy.SchurWeyl.copyVectors' audited in the shared kernel dependency traversal
'FreeEntropy.SchurWeyl.copyVectors_isometry' audited in the shared kernel dependency traversal
'FreeEntropy.SchurWeyl.copy_multiplicity_le_words' audited in the shared kernel dependency traversal
'FreeEntropy.SchurWeyl.copy_multiplicity_entropy_bound' audited in the shared kernel dependency traversal
'FreeEntropy.SectorChannels.compress' audited in the shared kernel dependency traversal
'FreeEntropy.SectorChannels.embed' audited in the shared kernel dependency traversal
'FreeEntropy.SectorChannels.compress_positive' audited in the shared kernel dependency traversal
'FreeEntropy.SectorChannels.embed_positive' audited in the shared kernel dependency traversal
'FreeEntropy.SectorChannels.compress_completely_positive' audited in the shared kernel dependency traversal
'FreeEntropy.SectorChannels.embed_completely_positive' audited in the shared kernel dependency traversal
'FreeEntropy.SectorChannels.trace_embed' audited in the shared kernel dependency traversal
'FreeEntropy.SectorChannels.encodeMap' audited in the shared kernel dependency traversal
'FreeEntropy.SectorChannels.encodeMap_trace' audited in the shared kernel dependency traversal
'FreeEntropy.SectorChannels.encodeMap_completely_positive' audited in the shared kernel dependency traversal
'FreeEntropy.SectorChannels.encoder' audited in the shared kernel dependency traversal
'FreeEntropy.SectorChannels.decodeMap' audited in the shared kernel dependency traversal
'FreeEntropy.SectorChannels.decodeMap_trace' audited in the shared kernel dependency traversal
'FreeEntropy.SectorChannels.decodeMap_completely_positive' audited in the shared kernel dependency traversal
'FreeEntropy.SectorChannels.decoder' audited in the shared kernel dependency traversal
'FreeEntropy.SectorChannels.encoder_apply' audited in the shared kernel dependency traversal
'FreeEntropy.SectorChannels.decoder_apply' audited in the shared kernel dependency traversal
'FreeEntropy.SectorChannels.compress_embed_same' audited in the shared kernel dependency traversal
'FreeEntropy.SectorChannels.compress_embed_other' audited in the shared kernel dependency traversal
'FreeEntropy.SectorChannels.compress_smul' audited in the shared kernel dependency traversal
'FreeEntropy.SectorChannels.compress_sum' audited in the shared kernel dependency traversal
'FreeEntropy.SectorChannels.compress_block_mixture' audited in the shared kernel dependency traversal
'FreeEntropy.SectorChannels.encodeMap_block_mixture' audited in the shared kernel dependency traversal
'FreeEntropy.SectorChannels.encoder_block_mixture' audited in the shared kernel dependency traversal
'FreeEntropy.SectorChannels.roundtrip_block_mixture' audited in the shared kernel dependency traversal
'FreeEntropy.SectorChannels.sectorEmbedding' audited in the shared kernel dependency traversal
'FreeEntropy.SectorChannels.sectorEmbedding_isometry' audited in the shared kernel dependency traversal
'FreeEntropy.SectorChannels.sectorEmbedding_orthogonal' audited in the shared kernel dependency traversal
'FreeEntropy.SectorChannels.sectorEmbedding_resolution' audited in the shared kernel dependency traversal
'FreeEntropy.SectorChannels.directSumEncoder' audited in the shared kernel dependency traversal
'FreeEntropy.SectorChannels.directSumDecoder' audited in the shared kernel dependency traversal
'FreeEntropy.SectorProtocol.sector_roundtrip_error' audited in the shared kernel dependency traversal
'FreeEntropy.SectorProtocol.typical_sector_roundtrip_error' audited in the shared kernel dependency traversal
'FreeEntropy.SectorProtocol.directSumState' audited in the shared kernel dependency traversal
'FreeEntropy.SectorProtocol.directSumState_positive' audited in the shared kernel dependency traversal
'FreeEntropy.SectorProtocol.directSumState_trace' audited in the shared kernel dependency traversal
'FreeEntropy.SectorProtocol.directSum_typical_roundtrip_error' audited in the shared kernel dependency traversal
'FreeEntropy.ExteriorRepresentation.auxiliaryShift' audited in the shared kernel dependency traversal
'FreeEntropy.ExteriorRepresentation.le_auxiliaryShift' audited in the shared kernel dependency traversal
'FreeEntropy.ExteriorRepresentation.auxiliaryRow' audited in the shared kernel dependency traversal
'FreeEntropy.ExteriorRepresentation.auxiliaryRow_cast' audited in the shared kernel dependency traversal
'FreeEntropy.ExteriorRepresentation.auxiliaryRow_antitone' audited in the shared kernel dependency traversal
'FreeEntropy.ExteriorRepresentation.auxiliaryRow_balance' audited in the shared kernel dependency traversal
'FreeEntropy.ExteriorRepresentation.canonicalAuxiliaryModel' audited in the shared kernel dependency traversal
'FreeEntropy.ExteriorRepresentation.canonicalAuxiliaryModel_row' audited in the shared kernel dependency traversal
'FreeEntropy.ExteriorRepresentation.canonicalAuxiliaryModel_hrow' audited in the shared kernel dependency traversal
'FreeEntropy.CartanLieCloning.exists_cartan_isometry' audited in the shared kernel dependency traversal
'FreeEntropy.CartanLieCloning.exists_balanced_cartan_isometry' audited in the shared kernel dependency traversal
'FreeEntropy.CartanLieCloning.exists_shifted_cartan_isometry' audited in the shared kernel dependency traversal
'FreeEntropy.CartanLieCloning.canonicalCartanIsometry' audited in the shared kernel dependency traversal
'FreeEntropy.CartanLieCloning.canonicalCartanIsometry_spec' audited in the shared kernel dependency traversal
'FreeEntropy.CartanLieCloning.canonicalForwardChannel' audited in the shared kernel dependency traversal
'FreeEntropy.CartanLieCloning.canonicalReverseChannel' audited in the shared kernel dependency traversal
'FreeEntropy.CartanLieCloning.specifiedForward' audited in the shared kernel dependency traversal
'FreeEntropy.CartanLieCloning.specifiedReverse' audited in the shared kernel dependency traversal
'FreeEntropy.CartanLieCloning.exists_specifiedTopUnitary' audited in the shared kernel dependency traversal
'FreeEntropy.CartanLieCloning.specifiedTopUnitary' audited in the shared kernel dependency traversal
'FreeEntropy.CartanLieCloning.specifiedTopUnitary_spec' audited in the shared kernel dependency traversal
'FreeEntropy.CartanLieCloning.specifiedCartanEmbedding' audited in the shared kernel dependency traversal
'FreeEntropy.CartanLieCloning.specifiedCartanEmbedding_isometry' audited in the shared kernel dependency traversal
'FreeEntropy.CartanLieCloning.specifiedTopUnitary_adjoint_intertwines' audited in the shared kernel dependency traversal
'FreeEntropy.CartanLieCloning.specifiedCartanEmbedding_intertwines' audited in the shared kernel dependency traversal
'FreeEntropy.CartanLieCloning.specifiedCartanEmbedding_weight_projection' audited in the shared kernel dependency traversal
'FreeEntropy.CartanLieCloning.ofSpecifiedCyclicWeights' audited in the shared kernel dependency traversal
'FreeEntropy.SpectralProjector.coordinateProjection' audited in the shared kernel dependency traversal
'FreeEntropy.SpectralProjector.coordinateProjection_pos' audited in the shared kernel dependency traversal
'FreeEntropy.SpectralProjector.coordinateProjection_trace' audited in the shared kernel dependency traversal
'FreeEntropy.SpectralProjector.coordinateProjection_isStarProjection' audited in the shared kernel dependency traversal
'FreeEntropy.SpectralProjector.eigenProjection' audited in the shared kernel dependency traversal
'FreeEntropy.SpectralProjector.eigenProjection_isStarProjection' audited in the shared kernel dependency traversal
'FreeEntropy.SpectralProjector.eigenProjection_pos' audited in the shared kernel dependency traversal
'FreeEntropy.SpectralProjector.eigenProjection_trace' audited in the shared kernel dependency traversal
'FreeEntropy.SpectralProjector.eigenProjection_mul' audited in the shared kernel dependency traversal
'FreeEntropy.SpectralProjector.eigenProjection_peak' audited in the shared kernel dependency traversal
'FreeEntropy.SpectralProjector.spectral_upper_bound' audited in the shared kernel dependency traversal
'FreeEntropy.FixedSpectrum.adjacentRatio' audited in the shared kernel dependency traversal
'FreeEntropy.FixedSpectrum.qx' audited in the shared kernel dependency traversal
'FreeEntropy.FixedSpectrum.adjacentRatio_nonneg' audited in the shared kernel dependency traversal
'FreeEntropy.FixedSpectrum.adjacentRatio_lt_one' audited in the shared kernel dependency traversal
'FreeEntropy.FixedSpectrum.qx_nonneg' audited in the shared kernel dependency traversal
'FreeEntropy.FixedSpectrum.qx_lt_one' audited in the shared kernel dependency traversal
'FreeEntropy.FixedSpectrum.adjacent_ratio_le_qx' audited in the shared kernel dependency traversal
'FreeEntropy.FixedSpectrum.qx_le' audited in the shared kernel dependency traversal
'FreeEntropy.FixedSpectrum.qx_rank_one' audited in the shared kernel dependency traversal
'FreeEntropy.FixedSpectrum.spectralProduct' audited in the shared kernel dependency traversal
'FreeEntropy.FixedSpectrum.spectralProduct_pos' audited in the shared kernel dependency traversal
'FreeEntropy.FixedSpectrum.gammaX' audited in the shared kernel dependency traversal
'FreeEntropy.FixedSpectrum.gammaX_pos' audited in the shared kernel dependency traversal
'FreeEntropy.FixedSpectrum.spectralProduct_rank_one' audited in the shared kernel dependency traversal
'FreeEntropy.FixedSpectrum.gammaX_rank_one' audited in the shared kernel dependency traversal
'FreeEntropy.FixedSpectrum.gammaX_le_eigenvalue_gap' audited in the shared kernel dependency traversal
'FreeEntropy.FixedSpectrum.eigenvalue_gap_pos' audited in the shared kernel dependency traversal
'FreeEntropy.FixedSpectrum.memory_bound_with_gammaX' audited in the shared kernel dependency traversal
'FreeEntropy.theorem1_converse_with_spectrum_gap' audited in the shared kernel dependency traversal
'FreeEntropy.FixedSpectrum.active_gap' audited in the shared kernel dependency traversal
'FreeEntropy.FixedSpectrum.targetRow' audited in the shared kernel dependency traversal
'FreeEntropy.FixedSpectrum.targetRow_normalized_tendsto' audited in the shared kernel dependency traversal
'FreeEntropy.theorem1_achievability_of_quantum_estimates' audited in the shared kernel dependency traversal
'FreeEntropy.theorem1_converse_of_quantum_estimates' audited in the shared kernel dependency traversal
'FreeEntropy.CartanLieCloning.CyclicWeightModel.relativeCoefficient' audited in the shared kernel dependency traversal
'FreeEntropy.CartanLieCloning.CyclicWeightModel.relativeCoefficient_eq_offsetCoefficient' audited in the shared kernel dependency traversal
'FreeEntropy.CartanLieCloning.rootWeightMonomial_eq_zero_of_not_supported' audited in the shared kernel dependency traversal
'FreeEntropy.CartanLieCloning.CyclicWeightModel.relativeCoefficient_nonneg' audited in the shared kernel dependency traversal
'FreeEntropy.CartanLieCloning.CyclicWeightModel.relativeCoefficient_envelope' audited in the shared kernel dependency traversal
'FreeEntropy.CartanLieCloning.relativeCoefficient_ratio' audited in the shared kernel dependency traversal
'FreeEntropy.CartanLieCloning.CyclicWeightModel.supported_mixture_eq_relativeState' audited in the shared kernel dependency traversal
'FreeEntropy.CartanLieCloning.CyclicWeightModel.relativeState_trace' audited in the shared kernel dependency traversal
'FreeEntropy.LieDecomposition.irreducibleFamily' audited in the shared kernel dependency traversal
'FreeEntropy.LieDecomposition.irreducibleFamily_spec' audited in the shared kernel dependency traversal
'FreeEntropy.LieDecomposition.Index' audited in the shared kernel dependency traversal
'FreeEntropy.LieDecomposition.Carrier' audited in the shared kernel dependency traversal
'FreeEntropy.LieDecomposition.constituentGenerators' audited in the shared kernel dependency traversal
'FreeEntropy.LieDecomposition.constituentCoordinates' audited in the shared kernel dependency traversal
'FreeEntropy.LieDecomposition.constituentModel' audited in the shared kernel dependency traversal
'FreeEntropy.LieDecomposition.constituentEmbedding' audited in the shared kernel dependency traversal
'FreeEntropy.LieDecomposition.constituentEmbedding_isometry' audited in the shared kernel dependency traversal
'FreeEntropy.LieDecomposition.constituentEmbedding_orthogonal' audited in the shared kernel dependency traversal
'FreeEntropy.LieDecomposition.constituentEmbedding_resolution' audited in the shared kernel dependency traversal
'FreeEntropy.LieDecomposition.constituentEmbedding_intertwines' audited in the shared kernel dependency traversal
'FreeEntropy.CartanLieCloning.tensor_intertwiner_weight' audited in the shared kernel dependency traversal
'FreeEntropy.CartanLieCloning.isometry_column_nonzero' audited in the shared kernel dependency traversal
'FreeEntropy.CartanLieCloning.tensor_constituent_highest_cone' audited in the shared kernel dependency traversal
'FreeEntropy.CartanLieCloning.tensor_top_column_support' audited in the shared kernel dependency traversal
'FreeEntropy.CartanLieCloning.tensor_top_not_orthogonal' audited in the shared kernel dependency traversal
'FreeEntropy.SchurWeyl.HasTensorWeight' audited in the shared kernel dependency traversal
'FreeEntropy.SchurWeyl.weightEnergy' audited in the shared kernel dependency traversal
'FreeEntropy.SchurWeyl.hasTensorWeight_of_support' audited in the shared kernel dependency traversal
'FreeEntropy.SchurWeyl.raising_hasTensorWeight' audited in the shared kernel dependency traversal
'FreeEntropy.SchurWeyl.exists_highest_of_weight' audited in the shared kernel dependency traversal
'FreeEntropy.SchurWeyl.differential_mem' audited in the shared kernel dependency traversal
'FreeEntropy.SchurWeyl.exists_physical_highest_vector' audited in the shared kernel dependency traversal
'FreeEntropy.SchurWeyl.physical_sector_highest' audited in the shared kernel dependency traversal
'FreeEntropy.TensorPowers.differential' audited in the shared kernel dependency traversal
'FreeEntropy.TensorPowers.differential_add' audited in the shared kernel dependency traversal
'FreeEntropy.TensorPowers.differential_smul' audited in the shared kernel dependency traversal
'FreeEntropy.TensorPowers.differential_sub' audited in the shared kernel dependency traversal
'FreeEntropy.TensorPowers.hasDerivAt_matrix_identity' audited in the shared kernel dependency traversal
'FreeEntropy.SchurWeyl.TensorCommutant.differential_hermitian' audited in the shared kernel dependency traversal
'FreeEntropy.SchurWeyl.TensorCommutant.differential' audited in the shared kernel dependency traversal
'FreeEntropy.TensorPowers.prod_mem_of_powerSum_mem' audited in the shared kernel dependency traversal
'FreeEntropy.TensorPowers.site_one' audited in the shared kernel dependency traversal
'FreeEntropy.TensorPowers.site_pow' audited in the shared kernel dependency traversal
'FreeEntropy.TensorPowers.siteAlgebra' audited in the shared kernel dependency traversal
'FreeEntropy.TensorPowers.siteAlgebraElement' audited in the shared kernel dependency traversal
'FreeEntropy.TensorPowers.siteAlgebra_prod' audited in the shared kernel dependency traversal
'FreeEntropy.TensorPowers.commutes_matrix_of_commutes_differential' audited in the shared kernel dependency traversal
'FreeEntropy.TensorPowers.differentialLinearMap' audited in the shared kernel dependency traversal
'FreeEntropy.TensorPowers.commutes_differential_of_commutes_generators' audited in the shared kernel dependency traversal
'FreeEntropy.TensorPowers.commutes_matrix_of_commutes_generators' audited in the shared kernel dependency traversal
'FreeEntropy.SchurWeyl.tensorCommutant_iff_generators' audited in the shared kernel dependency traversal
'FreeEntropy.SchurWeyl.sectorGenerators' audited in the shared kernel dependency traversal
'FreeEntropy.SchurWeyl.sector_cyclicSpan_eq_top' audited in the shared kernel dependency traversal
'FreeEntropy.SchurWeyl.exists_sector_highest' audited in the shared kernel dependency traversal
'FreeEntropy.SchurWeyl.exists_sector_lowering_generator' audited in the shared kernel dependency traversal
'FreeEntropy.SchurWeyl.exists_sector_unique_highest' audited in the shared kernel dependency traversal
'FreeEntropy.SchurWeyl.restricted_commutant_of_generators' audited in the shared kernel dependency traversal
'FreeEntropy.SchurWeyl.physical_invariant_of_generators' audited in the shared kernel dependency traversal
'FreeEntropy.SchurWeyl.restricted_invariant_of_generators' audited in the shared kernel dependency traversal
'FreeEntropy.SchurWeyl.restricted_cyclicSpan_eq_top' audited in the shared kernel dependency traversal
'FreeEntropy.SchurWeyl.restricted_group_intertwiner_of_generators' audited in the shared kernel dependency traversal
'FreeEntropy.SchurWeyl.differential_intertwines' audited in the shared kernel dependency traversal
'FreeEntropy.SchurWeyl.restrictedGenerators' audited in the shared kernel dependency traversal
'FreeEntropy.SchurWeyl.restrictedGenerators_intertwines' audited in the shared kernel dependency traversal
'FreeEntropy.TensorPowers.matrix' audited in the shared kernel dependency traversal
'FreeEntropy.TensorPowers.matrix_mul' audited in the shared kernel dependency traversal
'FreeEntropy.TensorPowers.matrix_adjoint' audited in the shared kernel dependency traversal
'FreeEntropy.TensorPowers.matrix_one' audited in the shared kernel dependency traversal
'FreeEntropy.TensorPowers.matrix_trace' audited in the shared kernel dependency traversal
'FreeEntropy.TensorPowers.matrix_positive' audited in the shared kernel dependency traversal
'FreeEntropy.TensorPowers.matrix_state' audited in the shared kernel dependency traversal
'FreeEntropy.TensorPowers.matrix_unitary' audited in the shared kernel dependency traversal
'FreeEntropy.TensorPowers.matrix_covariance' audited in the shared kernel dependency traversal
'FreeEntropy.TensorPowers.vector' audited in the shared kernel dependency traversal
'FreeEntropy.TensorPowers.pure' audited in the shared kernel dependency traversal
'FreeEntropy.TensorPowers.matrix_pure' audited in the shared kernel dependency traversal
'FreeEntropy.TensorPowers.vector_action' audited in the shared kernel dependency traversal
'FreeEntropy.TensorPowers.representation' audited in the shared kernel dependency traversal
'FreeEntropy.TensorPowers.wordPairEquiv' audited in the shared kernel dependency traversal
'FreeEntropy.TensorPowers.pairFlatten' audited in the shared kernel dependency traversal
'FreeEntropy.TensorPowers.pairFlatten_isometry' audited in the shared kernel dependency traversal
'FreeEntropy.TensorPowers.pairFlatten_entry' audited in the shared kernel dependency traversal
'FreeEntropy.TensorPowers.pairFlatten_intertwines' audited in the shared kernel dependency traversal
'FreeEntropy.TensorPowers.pairFlatten_differential_entry' audited in the shared kernel dependency traversal
'FreeEntropy.TensorPowers.pairFlatten_differential' audited in the shared kernel dependency traversal
'FreeEntropy.TensorPowers.pairEmbedding' audited in the shared kernel dependency traversal
'FreeEntropy.TensorPowers.pairEmbedding_isometry' audited in the shared kernel dependency traversal
'FreeEntropy.TensorPowers.pairEmbedding_intertwines' audited in the shared kernel dependency traversal
'FreeEntropy.TensorPowers.pairEmbedding_generators' audited in the shared kernel dependency traversal
'FreeEntropy.LieMatrixCasimir.Generators.casimir_scalar_of_vector_cyclic' audited in the shared kernel dependency traversal
'FreeEntropy.SchurWeyl.physical_sector_casimir' audited in the shared kernel dependency traversal
'FreeEntropy.SchurWeyl.sector_card_le_pbw_polynomial' audited in the shared kernel dependency traversal
'FreeEntropy.SchurWeyl.sector_card_le_polynomial' audited in the shared kernel dependency traversal
'FreeEntropy.TensorPowers.family' audited in the shared kernel dependency traversal
'FreeEntropy.TensorPowers.family_mul' audited in the shared kernel dependency traversal
'FreeEntropy.TensorPowers.family_adjoint' audited in the shared kernel dependency traversal
'FreeEntropy.TensorPowers.site' audited in the shared kernel dependency traversal
'FreeEntropy.TensorPowers.site_apply' audited in the shared kernel dependency traversal
'FreeEntropy.TensorPowers.site_mul' audited in the shared kernel dependency traversal
'FreeEntropy.TensorPowers.site_commute' audited in the shared kernel dependency traversal
'FreeEntropy.TensorPowers.site_sub' audited in the shared kernel dependency traversal
'FreeEntropy.TensorPowers.site_adjoint' audited in the shared kernel dependency traversal
'FreeEntropy.TensorPowers.differential_eq_sum_sites' audited in the shared kernel dependency traversal
'FreeEntropy.TensorPowers.differential_adjoint' audited in the shared kernel dependency traversal
'FreeEntropy.TensorPowers.site_diagonal' audited in the shared kernel dependency traversal
'FreeEntropy.TensorPowers.differential_diagonal' audited in the shared kernel dependency traversal
'FreeEntropy.TensorPowers.differential_commutator' audited in the shared kernel dependency traversal
'FreeEntropy.TensorPowers.differential_zero' audited in the shared kernel dependency traversal
'FreeEntropy.TensorPowers.generators' audited in the shared kernel dependency traversal
'FreeEntropy.TensorPowers.generators_diagonal' audited in the shared kernel dependency traversal
'FreeEntropy.CartanLieCloning.tensorHighestVector' audited in the shared kernel dependency traversal
'FreeEntropy.CartanLieCloning.tensorHighestVector_ne_zero' audited in the shared kernel dependency traversal
'FreeEntropy.CartanLieCloning.tensorHighestVector_weight' audited in the shared kernel dependency traversal
'FreeEntropy.CartanLieCloning.tensorHighestVector_raise' audited in the shared kernel dependency traversal
'FreeEntropy.CartanLieCloning.resolution_detects_vector' audited in the shared kernel dependency traversal
'FreeEntropy.CartanLieCloning.tensor_top_exists' audited in the shared kernel dependency traversal
'FreeEntropy.SchurWeyl.torus_intertwiner_support' audited in the shared kernel dependency traversal
'FreeEntropy.SchurWeyl.diagonal_intertwines_of_torus' audited in the shared kernel dependency traversal
'FreeEntropy.LieMatrixCasimir.Generators.diagonal_commute' audited in the shared kernel dependency traversal
'FreeEntropy.LieMatrixCasimir.Generators.exists_jointBasis' audited in the shared kernel dependency traversal
'FreeEntropy.SchurWeyl.sectorJointBasis' audited in the shared kernel dependency traversal
'FreeEntropy.SchurWeyl.sectorJointEigenvalue' audited in the shared kernel dependency traversal
'FreeEntropy.SchurWeyl.sectorJointBasis_weight' audited in the shared kernel dependency traversal
'FreeEntropy.SchurWeyl.sectorJointEigenvalue_is_occupation' audited in the shared kernel dependency traversal
'FreeEntropy.SchurWeyl.sectorWeight' audited in the shared kernel dependency traversal
'FreeEntropy.SchurWeyl.sectorJointEigenvalue_eq_weight' audited in the shared kernel dependency traversal
'FreeEntropy.SchurWeyl.sectorWeightUnitary' audited in the shared kernel dependency traversal
'FreeEntropy.SchurWeyl.sectorWeightUnitary_isometry' audited in the shared kernel dependency traversal
'FreeEntropy.SchurWeyl.sectorWeightUnitary_coisometry' audited in the shared kernel dependency traversal
'FreeEntropy.SchurWeyl.sectorWeightUnitary_diagonal' audited in the shared kernel dependency traversal
'FreeEntropy.LieMatrixCasimir.Generators.unitaryConjugate' audited in the shared kernel dependency traversal
'FreeEntropy.LieMatrixCasimir.Generators.unitaryConjugate_word' audited in the shared kernel dependency traversal
'FreeEntropy.LieMatrixCasimir.Generators.unitaryConjugate_action' audited in the shared kernel dependency traversal
'FreeEntropy.LieMatrixCasimir.Generators.unitaryConjugate_cyclic' audited in the shared kernel dependency traversal
'FreeEntropy.LieMatrixCasimir.Generators.column_cyclic_of_vector' audited in the shared kernel dependency traversal
'FreeEntropy.SchurWeyl.sectorWeightGenerators' audited in the shared kernel dependency traversal
'FreeEntropy.SchurWeyl.sectorWeightGenerators_diagonal' audited in the shared kernel dependency traversal
'FreeEntropy.SchurWeyl.exists_sector_weight_highest' audited in the shared kernel dependency traversal
'FreeEntropy.SchurWeyl.sectorHighestOccupation' audited in the shared kernel dependency traversal
'FreeEntropy.SchurWeyl.sectorWeightHighestVector' audited in the shared kernel dependency traversal
'FreeEntropy.SchurWeyl.sectorWeightHighestVector_spec' audited in the shared kernel dependency traversal
'FreeEntropy.SchurWeyl.sectorWeight_in_root_cone' audited in the shared kernel dependency traversal
'FreeEntropy.SchurWeyl.sectorWeightCoefficients' audited in the shared kernel dependency traversal
'FreeEntropy.SchurWeyl.sectorWeightCoefficients_spec' audited in the shared kernel dependency traversal
'FreeEntropy.SchurWeyl.sectorWeightModel' audited in the shared kernel dependency traversal
'FreeEntropy.SchurWeyl.sectorWeightModel_generators' audited in the shared kernel dependency traversal
'FreeEntropy.SchurWeyl.sectorWeightModel_row' audited in the shared kernel dependency traversal
'FreeEntropy.SchurWeyl.sectorWeightModel_weight' audited in the shared kernel dependency traversal
'FreeEntropy.SchurWeyl.sectorWeightEmbedding' audited in the shared kernel dependency traversal
'FreeEntropy.SchurWeyl.sectorWeightEmbedding_isometry' audited in the shared kernel dependency traversal
'FreeEntropy.SchurWeyl.sectorWeightEmbedding_generators' audited in the shared kernel dependency traversal
'FreeEntropy.SchurWeyl.sectorWeightEmbedding_supported' audited in the shared kernel dependency traversal
'FreeEntropy.SchurWeyl.sectorWeightEmbedding_source' audited in the shared kernel dependency traversal
'FreeEntropy.SchurWeyl.physical_source_weight_diagonal' audited in the shared kernel dependency traversal
'FreeEntropy.SchurWeyl.physicalBlock_weight_diagonal' audited in the shared kernel dependency traversal
'FreeEntropy.theorem1_achievability' audited in the shared kernel dependency traversal
'FreeEntropy.theorem1_converse' audited in the shared kernel dependency traversal
'FreeEntropy.theorem1_converse_of_uniform' audited in the shared kernel dependency traversal
'FreeEntropy.Theorem2.cloningConstant' audited in the shared kernel dependency traversal
'FreeEntropy.Theorem2.cloningConstant_nonneg' audited in the shared kernel dependency traversal
'FreeEntropy.Theorem2.theorem2_finite_reduction' audited in the shared kernel dependency traversal
'FreeEntropy.Theorem2.theorem2_rank_one' audited in the shared kernel dependency traversal
'FreeEntropy.Theorem2.theorem2_zero_difference' audited in the shared kernel dependency traversal
'FreeEntropy.ExteriorRepresentation.canonical_cloning_accuracy_orbit_bounds' audited in the shared kernel dependency traversal
'FreeEntropy.ExteriorRepresentation.theorem2_cloning_accuracy' audited in the shared kernel dependency traversal
'FreeEntropy.ExteriorRepresentation.theorem2_cartan_cloning_accuracy' audited in the shared kernel dependency traversal
'FreeEntropy.ExteriorRepresentation.prvForward' audited in the shared kernel dependency traversal
'FreeEntropy.ExteriorRepresentation.prvForward_eq' audited in the shared kernel dependency traversal
'FreeEntropy.ExteriorRepresentation.prvReverse' audited in the shared kernel dependency traversal
'FreeEntropy.ExteriorRepresentation.prvReverse_eq' audited in the shared kernel dependency traversal
'FreeEntropy.ExteriorRepresentation.prv_maps_are_channels' audited in the shared kernel dependency traversal
'FreeEntropy.ExteriorRepresentation.theorem2_cloning_accuracy_choi' audited in the shared kernel dependency traversal
'FreeEntropy.Theorem2GT.gtMultiplicity' audited in the shared kernel dependency traversal
'FreeEntropy.Theorem2GT.gtMultiplicity_zero' audited in the shared kernel dependency traversal
'FreeEntropy.Theorem2GT.rootMonomial' audited in the shared kernel dependency traversal
'FreeEntropy.Theorem2GT.rootMonomial_zero' audited in the shared kernel dependency traversal
'FreeEntropy.Theorem2GT.rootMonomial_nonneg' audited in the shared kernel dependency traversal
'FreeEntropy.Theorem2GT.sum_cuts_eq_depth' audited in the shared kernel dependency traversal
'FreeEntropy.Theorem2GT.rootMonomial_le_depth' audited in the shared kernel dependency traversal
'FreeEntropy.Theorem2GT.gtCoefficient' audited in the shared kernel dependency traversal
'FreeEntropy.Theorem2GT.normalizer_ge_one' audited in the shared kernel dependency traversal
'FreeEntropy.Theorem2GT.theorem2_gt_of_traced_blocks' audited in the shared kernel dependency traversal
'FreeEntropy.Theorem2GT.rankRow' audited in the shared kernel dependency traversal
'FreeEntropy.Theorem2GT.rowDistance' audited in the shared kernel dependency traversal
'FreeEntropy.Theorem2GT.rowDistance_cast' audited in the shared kernel dependency traversal
'FreeEntropy.Theorem2GT.weylRatio' audited in the shared kernel dependency traversal
'FreeEntropy.Theorem2GT.rankRow_dominant' audited in the shared kernel dependency traversal
'FreeEntropy.Theorem2GT.theorem2_gt_from_integer_rows' audited in the shared kernel dependency traversal
'FreeEntropy.ExteriorRepresentation.theorem2_cloning_accuracy_petz' audited in the shared kernel dependency traversal
'FreeEntropy.Theorem2GT.validCuts_one_eq_zero' audited in the shared kernel dependency traversal
'FreeEntropy.Theorem2GT.rank_one_support_eq_singleton' audited in the shared kernel dependency traversal
'FreeEntropy.Theorem2GT.rank_one_coefficient' audited in the shared kernel dependency traversal
'FreeEntropy.Theorem2GT.theorem2_rank_one_gt_of_traced_blocks' audited in the shared kernel dependency traversal
'FreeEntropy.Theorem2GT.theorem2_rank_one_gt_from_integer_rows' audited in the shared kernel dependency traversal
'FreeEntropy.TorusWeights.character' audited in the shared kernel dependency traversal
'FreeEntropy.TorusWeights.character_separates' audited in the shared kernel dependency traversal
'FreeEntropy.TorusWeights.joint_eigenvector_support' audited in the shared kernel dependency traversal
'FreeEntropy.TorusWeights.joint_eigenvector_scalar' audited in the shared kernel dependency traversal
'FreeEntropy.TorusWeights.highestVector' audited in the shared kernel dependency traversal
'FreeEntropy.TorusWeights.highestVector_ne_zero' audited in the shared kernel dependency traversal
'FreeEntropy.TorusWeights.cyclic_irreducible' audited in the shared kernel dependency traversal
'FreeEntropy.TorusWeights.projector' audited in the shared kernel dependency traversal
'FreeEntropy.TorusWeights.commutes_projector' audited in the shared kernel dependency traversal
'FreeEntropy.TorusWeights.invariant_projection_commutes' audited in the shared kernel dependency traversal
'FreeEntropy.TorusWeights.projector_mem' audited in the shared kernel dependency traversal
'FreeEntropy.TorusWeights.weightSpace' audited in the shared kernel dependency traversal
'FreeEntropy.TorusWeights.projector_mem_weightSpace' audited in the shared kernel dependency traversal
'FreeEntropy.TraceCloning.traceDistance_le_traced_loss' audited in the shared kernel dependency traversal
'FreeEntropy.TraceCloning.forward_traceDistance_le_traced_loss' audited in the shared kernel dependency traversal
'FreeEntropy.TraceCloning.TraceBlockRealization.error_comparisons' audited in the shared kernel dependency traversal
'FreeEntropy.TraceCloning.theorem2_of_traced_blocks' audited in the shared kernel dependency traversal
'FreeEntropy.TraceDistance.traceNorm' audited in the shared kernel dependency traversal
'FreeEntropy.TraceDistance.traceDistance' audited in the shared kernel dependency traversal
'FreeEntropy.TraceDistance.traceNorm_neg' audited in the shared kernel dependency traversal
'FreeEntropy.TraceDistance.traceNorm_zero' audited in the shared kernel dependency traversal
'FreeEntropy.TraceDistance.traceNorm_nonneg' audited in the shared kernel dependency traversal
'FreeEntropy.TraceDistance.traceDistance_nonneg' audited in the shared kernel dependency traversal
'FreeEntropy.TraceDistance.traceNorm_sub_comm' audited in the shared kernel dependency traversal
'FreeEntropy.TraceDistance.traceDistance_symm' audited in the shared kernel dependency traversal
'FreeEntropy.TraceDistance.traceNorm_eq_sum_abs_eigenvalues' audited in the shared kernel dependency traversal
'FreeEntropy.TraceDistance.traceNorm_sub_le_trace_add' audited in the shared kernel dependency traversal
'FreeEntropy.TraceDistance.jordan_trace_mass' audited in the shared kernel dependency traversal
'FreeEntropy.TraceDistance.effect_trace_le' audited in the shared kernel dependency traversal
'FreeEntropy.TraceDistance.jordan_trace_eq_half' audited in the shared kernel dependency traversal
'FreeEntropy.TraceDistance.measurement_bound' audited in the shared kernel dependency traversal
'FreeEntropy.TraceDistance.state_measurement_bound' audited in the shared kernel dependency traversal
'FreeEntropy.TraceDistance.positive_remainder_bound' audited in the shared kernel dependency traversal
'FreeEntropy.TraceDistance.retained_branch_error_bound' audited in the shared kernel dependency traversal
'FreeEntropy.TraceDistance.traceDistance_le_remainder' audited in the shared kernel dependency traversal
'FreeEntropy.TraceDistance.traceNorm_contract_hermitian' audited in the shared kernel dependency traversal
'FreeEntropy.TraceDistance.traceDistance_contract' audited in the shared kernel dependency traversal
'FreeEntropy.TraceDistance.traceNorm_contract_hermitian_of_trace_le' audited in the shared kernel dependency traversal
'FreeEntropy.TraceDistance.traceDistance_contract_of_trace_le' audited in the shared kernel dependency traversal
'FreeEntropy.TraceDistance.sandwich' audited in the shared kernel dependency traversal
'FreeEntropy.TraceDistance.sandwich_apply' audited in the shared kernel dependency traversal
'FreeEntropy.TraceDistance.sandwich_trace_le' audited in the shared kernel dependency traversal
'FreeEntropy.TraceDistance.sandwich_traceNorm_le' audited in the shared kernel dependency traversal
'FreeEntropy.TraceDistance.isometry_range_le_one' audited in the shared kernel dependency traversal
'FreeEntropy.TraceDistance.traceNorm_isometry' audited in the shared kernel dependency traversal
'FreeEntropy.TraceDistance.traceDistance_isometry' audited in the shared kernel dependency traversal
'FreeEntropy.TraceDistance.continuous_traceNorm' audited in the shared kernel dependency traversal
'FreeEntropy.TraceDistance.continuous_traceDistance' audited in the shared kernel dependency traversal
'FreeEntropy.TraceDistance.traceNorm_add_le' audited in the shared kernel dependency traversal
'FreeEntropy.TraceDistance.traceDistance_triangle' audited in the shared kernel dependency traversal
'FreeEntropy.TraceDistance.traceNorm_weighted_sum_le' audited in the shared kernel dependency traversal
'FreeEntropy.TraceDistance.traceDistance_mixtures_le' audited in the shared kernel dependency traversal
'FreeEntropy.TraceDistance.traceDistance_mixture_le' audited in the shared kernel dependency traversal
'FreeEntropy.TraceDistance.traceDistance_states_le_one' audited in the shared kernel dependency traversal
'FreeEntropy.Twirling.matrixRepresentation' audited in the shared kernel dependency traversal
'FreeEntropy.Twirling.commutant_is_scalar' audited in the shared kernel dependency traversal
'FreeEntropy.Twirling.conjugate' audited in the shared kernel dependency traversal
'FreeEntropy.Twirling.conjugate_mul' audited in the shared kernel dependency traversal
'FreeEntropy.Twirling.trace_conjugate' audited in the shared kernel dependency traversal
'FreeEntropy.Twirling.inverse_eq_conjTranspose' audited in the shared kernel dependency traversal
'FreeEntropy.Twirling.conjugate_eq_unitary_conjugate' audited in the shared kernel dependency traversal
'FreeEntropy.Twirling.conjugateCLM' audited in the shared kernel dependency traversal
'FreeEntropy.Twirling.conjugateCLM_apply' audited in the shared kernel dependency traversal
'FreeEntropy.Twirling.traceCLM' audited in the shared kernel dependency traversal
'FreeEntropy.Twirling.traceCLM_apply' audited in the shared kernel dependency traversal
'FreeEntropy.Twirling.integral_conjugate_invariant' audited in the shared kernel dependency traversal
'FreeEntropy.Twirling.integral_conjugate_commutes' audited in the shared kernel dependency traversal
'FreeEntropy.Twirling.integral_conjugate_eq_scalar' audited in the shared kernel dependency traversal
'FreeEntropy.Twirling.conjugate_integrable' audited in the shared kernel dependency traversal
'FreeEntropy.Twirling.compact_irreducible_twirl' audited in the shared kernel dependency traversal
'FreeEntropy.Twirling.compact_irreducible_unitary_twirl' audited in the shared kernel dependency traversal
'FreeEntropy.Twirling.compact_trace_one_unitary_twirl' audited in the shared kernel dependency traversal
'FreeEntropy.Twirling.unitary_orbit_integrable' audited in the shared kernel dependency traversal
'FreeEntropy.SchurWeyl.occupationRow_cast_fin' audited in the shared kernel dependency traversal
'FreeEntropy.SchurWeyl.targetCanonicalRow_supported' audited in the shared kernel dependency traversal
'FreeEntropy.SchurWeyl.typicalCanonical_le_target' audited in the shared kernel dependency traversal
'FreeEntropy.SchurWeyl.typicalCanonical_increment_antitone' audited in the shared kernel dependency traversal
'FreeEntropy.SchurWeyl.typicalCanonical_natural_increment_antitone' audited in the shared kernel dependency traversal
'FreeEntropy.SchurWeyl.typicalCanonical_supported' audited in the shared kernel dependency traversal
'FreeEntropy.SchurWeyl.typicalCanonical_increment_zero_tail' audited in the shared kernel dependency traversal
'FreeEntropy.SchurWeyl.typical_row_surplus_one' audited in the shared kernel dependency traversal
'FreeEntropy.SchurWeyl.typicalCanonical_distance_ge_one' audited in the shared kernel dependency traversal
'FreeEntropy.SchurWeyl.typicalCanonical_eventually_gaps' audited in the shared kernel dependency traversal
'FreeEntropy.SchurWeyl.typicalCanonical_l1_eq' audited in the shared kernel dependency traversal
'FreeEntropy.SchurWeyl.typicalCanonical_envelope_le' audited in the shared kernel dependency traversal
'FreeEntropy.SchurWeyl.typicalCanonical_differenceNorm_pos' audited in the shared kernel dependency traversal
'FreeEntropy.SchurWeyl.typicalCanonical_eventually_minimumGap' audited in the shared kernel dependency traversal
'FreeEntropy.TypicalRows.Typical' audited in the shared kernel dependency traversal
'FreeEntropy.TypicalRows.gapIndices' audited in the shared kernel dependency traversal
'FreeEntropy.TypicalRows.gapIndices_nonempty' audited in the shared kernel dependency traversal
'FreeEntropy.TypicalRows.minimumGap' audited in the shared kernel dependency traversal
'FreeEntropy.TypicalRows.minimumGap_pos' audited in the shared kernel dependency traversal
'FreeEntropy.TypicalRows.minimumGap_le' audited in the shared kernel dependency traversal
'FreeEntropy.TypicalRows.width_nonneg' audited in the shared kernel dependency traversal
'FreeEntropy.TypicalRows.typical_gap' audited in the shared kernel dependency traversal
'FreeEntropy.TypicalRows.eventually_uniform_gap' audited in the shared kernel dependency traversal
'FreeEntropy.TypicalRows.row_surplus_bounds' audited in the shared kernel dependency traversal
'FreeEntropy.TypicalRows.dominant_of_adjacent' audited in the shared kernel dependency traversal
'FreeEntropy.TypicalRows.target_difference_dominant' audited in the shared kernel dependency traversal
'FreeEntropy.TypicalRows.rowL1_le' audited in the shared kernel dependency traversal
'FreeEntropy.TypicalRows.width_le_scaled_error' audited in the shared kernel dependency traversal
'FreeEntropy.TypicalRows.rowL1_le_scaled_error' audited in the shared kernel dependency traversal
'FreeEntropy.TypicalRows.cloning_envelope_le' audited in the shared kernel dependency traversal
'FreeEntropy.UnitaryColumn.exists_unitary_column' audited in the shared kernel dependency traversal
'FreeEntropy.UnitaryColumn.uniformVector' audited in the shared kernel dependency traversal
'FreeEntropy.UnitaryColumn.uniformVector_norm' audited in the shared kernel dependency traversal
'FreeEntropy.UnitaryColumn.uniformVector_apply_ne_zero' audited in the shared kernel dependency traversal
'FreeEntropy.UnitaryColumn.exists_unitary_nonzero_column' audited in the shared kernel dependency traversal
'FreeEntropy.UnitaryCoordinates.representation' audited in the shared kernel dependency traversal
'FreeEntropy.UnitaryCoordinates.intertwines' audited in the shared kernel dependency traversal
'FreeEntropy.UnitaryCoordinates.unitary' audited in the shared kernel dependency traversal
'FreeEntropy.UnitaryCoordinates.continuous' audited in the shared kernel dependency traversal
'FreeEntropy.UnitaryCoordinates.coordinateIntertwiner' audited in the shared kernel dependency traversal
'FreeEntropy.UnitaryCoordinates.coordinateIntertwiner_bijective' audited in the shared kernel dependency traversal
'FreeEntropy.UnitaryCoordinates.irreducible' audited in the shared kernel dependency traversal
'FreeEntropy.UnitaryDecomposition.decomposition' audited in the shared kernel dependency traversal
'FreeEntropy.UnitaryDecomposition.Decomposition.Index' audited in the shared kernel dependency traversal
'FreeEntropy.UnitaryDecomposition.Decomposition.dimension' audited in the shared kernel dependency traversal
'FreeEntropy.UnitaryDecomposition.Decomposition.embedding' audited in the shared kernel dependency traversal
'FreeEntropy.UnitaryDecomposition.Decomposition.representation' audited in the shared kernel dependency traversal
'FreeEntropy.UnitaryDecomposition.Decomposition.dimension_pos' audited in the shared kernel dependency traversal
'FreeEntropy.UnitaryDecomposition.Decomposition.isometry' audited in the shared kernel dependency traversal
'FreeEntropy.UnitaryDecomposition.Decomposition.orthogonal' audited in the shared kernel dependency traversal
'FreeEntropy.UnitaryDecomposition.Decomposition.resolution' audited in the shared kernel dependency traversal
'FreeEntropy.UnitaryDecomposition.Decomposition.intertwines' audited in the shared kernel dependency traversal
'FreeEntropy.UnitaryDecomposition.Decomposition.irreducible' audited in the shared kernel dependency traversal
'FreeEntropy.UnitaryDecomposition.Decomposition.unitary' audited in the shared kernel dependency traversal
'FreeEntropy.UnitaryDecomposition.Decomposition.continuous' audited in the shared kernel dependency traversal
'FreeEntropy.UnitaryDecomposition.Invariant' audited in the shared kernel dependency traversal
'FreeEntropy.UnitaryDecomposition.invariant_bot' audited in the shared kernel dependency traversal
'FreeEntropy.UnitaryDecomposition.invariant_top' audited in the shared kernel dependency traversal
'FreeEntropy.UnitaryDecomposition.invariant_inf' audited in the shared kernel dependency traversal
'FreeEntropy.UnitaryDecomposition.invariant_orthogonal' audited in the shared kernel dependency traversal
'FreeEntropy.UnitaryDecomposition.projection_commutes' audited in the shared kernel dependency traversal
'FreeEntropy.UnitaryDecomposition.restriction' audited in the shared kernel dependency traversal
'FreeEntropy.UnitaryDecomposition.restriction_apply' audited in the shared kernel dependency traversal
'FreeEntropy.UnitaryDecomposition.exists_irreducible_le' audited in the shared kernel dependency traversal
'FreeEntropy.UnitaryDecomposition.IrreducibleSubspace.isIrreducible' audited in the shared kernel dependency traversal
'FreeEntropy.UnitaryDecomposition.euclideanRepresentation' audited in the shared kernel dependency traversal
'FreeEntropy.UnitaryDecomposition.euclideanRepresentation_adjoint' audited in the shared kernel dependency traversal
'FreeEntropy.UnitaryDecomposition.Subspace' audited in the shared kernel dependency traversal
'FreeEntropy.UnitaryDecomposition.embedding' audited in the shared kernel dependency traversal
'FreeEntropy.UnitaryDecomposition.embedding_isometry' audited in the shared kernel dependency traversal
'FreeEntropy.UnitaryDecomposition.embedding_orthogonal' audited in the shared kernel dependency traversal
'FreeEntropy.UnitaryDecomposition.embedding_adjoint_mulVec' audited in the shared kernel dependency traversal
'FreeEntropy.UnitaryDecomposition.embedding_projection' audited in the shared kernel dependency traversal
'FreeEntropy.UnitaryDecomposition.embedding_mulVec_mem' audited in the shared kernel dependency traversal
'FreeEntropy.UnitaryDecomposition.compressed' audited in the shared kernel dependency traversal
'FreeEntropy.UnitaryDecomposition.embedding_intertwines' audited in the shared kernel dependency traversal
'FreeEntropy.UnitaryDecomposition.restrictedMatrix' audited in the shared kernel dependency traversal
'FreeEntropy.UnitaryDecomposition.restrictedMatrix_apply' audited in the shared kernel dependency traversal
'FreeEntropy.UnitaryDecomposition.restrictedMatrix_unitary' audited in the shared kernel dependency traversal
'FreeEntropy.UnitaryDecomposition.restrictedMatrix_continuous' audited in the shared kernel dependency traversal
'FreeEntropy.UnitaryDecomposition.embeddingLinearMap' audited in the shared kernel dependency traversal
'FreeEntropy.UnitaryDecomposition.embeddingLinearMap_bijective' audited in the shared kernel dependency traversal
'FreeEntropy.UnitaryDecomposition.coordinateIntertwiner' audited in the shared kernel dependency traversal
'FreeEntropy.UnitaryDecomposition.restrictedMatrix_irreducible' audited in the shared kernel dependency traversal
'FreeEntropy.UnitaryDecomposition.embedding_resolution' audited in the shared kernel dependency traversal
'FreeEntropy.UnitaryDecomposition.Orthogonal' audited in the shared kernel dependency traversal
'FreeEntropy.UnitaryDecomposition.orthogonal_symm' audited in the shared kernel dependency traversal
'FreeEntropy.UnitaryDecomposition.orthogonal_of_le_complement' audited in the shared kernel dependency traversal
'FreeEntropy.UnitaryDecomposition.exists_orthogonal_irreducible_family' audited in the shared kernel dependency traversal
'FreeEntropy.UnitaryDecomposition.exists_complete_orthogonal_family' audited in the shared kernel dependency traversal
'FreeEntropy.UnitaryDecomposition.sum_projections_eq_identity' audited in the shared kernel dependency traversal
'FreeEntropy.UnitaryHaar.isCompact_unitaryGroup' audited in the shared kernel dependency traversal
'FreeEntropy.UnitaryHaar.wholeGroup' audited in the shared kernel dependency traversal
'FreeEntropy.UnitaryHaar.probabilityHaar' audited in the shared kernel dependency traversal
'FreeEntropy.WeightNormalization.partitionFunction' audited in the shared kernel dependency traversal
'FreeEntropy.WeightNormalization.coefficient' audited in the shared kernel dependency traversal
'FreeEntropy.WeightNormalization.partitionFunction_ge_one' audited in the shared kernel dependency traversal
'FreeEntropy.WeightNormalization.coefficient_nonneg' audited in the shared kernel dependency traversal
'FreeEntropy.WeightNormalization.coefficient_normalized' audited in the shared kernel dependency traversal
'FreeEntropy.WeightNormalization.coefficient_ratio' audited in the shared kernel dependency traversal
'FreeEntropy.WeightNormalization.coefficient_le_geometric' audited in the shared kernel dependency traversal
'FreeEntropy.WeightNormalization.coefficient_root_envelope' audited in the shared kernel dependency traversal
'FreeEntropy.WeightNormalization.hasSum_partition_majorant' audited in the shared kernel dependency traversal
'FreeEntropy.WeightNormalization.partitionFunction_le' audited in the shared kernel dependency traversal
'FreeEntropy.WeightNormalization.top_coefficient_lower' audited in the shared kernel dependency traversal
'FreeEntropy.WeightNormalization.next_coefficient_upper' audited in the shared kernel dependency traversal
'FreeEntropy.WeightNormalization.uniform_gap' audited in the shared kernel dependency traversal
'FreeEntropy.WeightSectors.weightDiagonal' audited in the shared kernel dependency traversal
'FreeEntropy.WeightSectors.weightProjector' audited in the shared kernel dependency traversal
'FreeEntropy.WeightSectors.weightProjector_isStarProjection' audited in the shared kernel dependency traversal
'FreeEntropy.WeightSectors.weightProjector_trace' audited in the shared kernel dependency traversal
'FreeEntropy.WeightSectors.weightProjector_ne_zero_iff' audited in the shared kernel dependency traversal
'FreeEntropy.WeightSectors.intertwiner_weight_eq' audited in the shared kernel dependency traversal
'FreeEntropy.WeightSectors.weightProjector_intertwines' audited in the shared kernel dependency traversal
'FreeEntropy.WeightSectors.totalWeight' audited in the shared kernel dependency traversal
'FreeEntropy.WeightSectors.totalWeight_diagonal' audited in the shared kernel dependency traversal
'FreeEntropy.WeightSectors.basisEmbedding_weightProjector' audited in the shared kernel dependency traversal
'FreeEntropy.WeightSectors.branch_identities_of_sector_intertwining' audited in the shared kernel dependency traversal
'FreeEntropy.WeightSectors.cloning_weight_sector_identities' audited in the shared kernel dependency traversal
'FreeEntropy.Weyl.errorScale' audited in the shared kernel dependency traversal
'FreeEntropy.Weyl.errorScale_tendsto_zero' audited in the shared kernel dependency traversal
'FreeEntropy.Weyl.normalized_product' audited in the shared kernel dependency traversal
'FreeEntropy.Weyl.log_product_asymptotic' audited in the shared kernel dependency traversal
'FreeEntropy.Weyl.activeRoots' audited in the shared kernel dependency traversal
'FreeEntropy.Weyl.mem_activeRoots' audited in the shared kernel dependency traversal
'FreeEntropy.Weyl.activeProduct' audited in the shared kernel dependency traversal
'FreeEntropy.Weyl.rootLeading' audited in the shared kernel dependency traversal
'FreeEntropy.Weyl.activeProduct_log_asymptotic' audited in the shared kernel dependency traversal
'FreeEntropy.WeylCharacter.alternant_expansion' audited in the shared kernel dependency traversal
'FreeEntropy.WeylCharacter.alternant_coeff_permutation' audited in the shared kernel dependency traversal
'FreeEntropy.WeylCharacter.alternant_support_orbit' audited in the shared kernel dependency traversal
'FreeEntropy.WeylCharacter.ascendingHighest' audited in the shared kernel dependency traversal
'FreeEntropy.WeylCharacter.ascendingHighest_strictMono' audited in the shared kernel dependency traversal
'FreeEntropy.WeylCharacter.ascendingHighest_reverse' audited in the shared kernel dependency traversal
'FreeEntropy.WeylCharacter.alternant_highest_coeff' audited in the shared kernel dependency traversal
'FreeEntropy.WeylCharacter.denominator_highest_coeff' audited in the shared kernel dependency traversal
'FreeEntropy.WeylCharacter.IsAlternating' audited in the shared kernel dependency traversal
'FreeEntropy.WeylCharacter.alternant_alternating' audited in the shared kernel dependency traversal
'FreeEntropy.WeylCharacter.denominator_alternating' audited in the shared kernel dependency traversal
'FreeEntropy.WeylCharacter.IsAlternating.mul_symmetric' audited in the shared kernel dependency traversal
'FreeEntropy.WeylCharacter.canonical_denominator_character_alternating' audited in the shared kernel dependency traversal
'FreeEntropy.WeylCharacter.IsAlternating.coeff_permutation' audited in the shared kernel dependency traversal
'FreeEntropy.WeylCharacter.IsAlternating.coeff_permutation_ne_zero' audited in the shared kernel dependency traversal
'FreeEntropy.WeylCharacter.IsAlternating.coeff_eq_zero_of_eq' audited in the shared kernel dependency traversal
'FreeEntropy.WeylCharacter.IsAlternating.support_injective' audited in the shared kernel dependency traversal
'FreeEntropy.WeylCharacter.IsAlternating.ext_of_support_orbit' audited in the shared kernel dependency traversal
'FreeEntropy.WeylCharacter.euler' audited in the shared kernel dependency traversal
'FreeEntropy.WeylCharacter.euler_monomial' audited in the shared kernel dependency traversal
'FreeEntropy.WeylCharacter.coeff_euler' audited in the shared kernel dependency traversal
'FreeEntropy.WeylCharacter.laplacian' audited in the shared kernel dependency traversal
'FreeEntropy.WeylCharacter.exponentEnergy' audited in the shared kernel dependency traversal
'FreeEntropy.WeylCharacter.coeff_laplacian' audited in the shared kernel dependency traversal
'FreeEntropy.WeylCharacter.eigenpolynomial_support_energy' audited in the shared kernel dependency traversal
'FreeEntropy.WeylCharacter.sum_offset_zero' audited in the shared kernel dependency traversal
'FreeEntropy.WeylCharacter.dominant_casimir_unique' audited in the shared kernel dependency traversal
'FreeEntropy.WeylCharacter.staircase' audited in the shared kernel dependency traversal
'FreeEntropy.WeylCharacter.shiftedEnergy' audited in the shared kernel dependency traversal
'FreeEntropy.WeylCharacter.shiftedEnergy_eq' audited in the shared kernel dependency traversal
'FreeEntropy.WeylCharacter.dominant_shiftedEnergy_unique' audited in the shared kernel dependency traversal
'FreeEntropy.WeylCharacter.Below' audited in the shared kernel dependency traversal
'FreeEntropy.WeylCharacter.offset_eq_zero_iff' audited in the shared kernel dependency traversal
'FreeEntropy.WeylCharacter.Below.mul' audited in the shared kernel dependency traversal
'FreeEntropy.WeylCharacter.below_one' audited in the shared kernel dependency traversal
'FreeEntropy.WeylCharacter.Below.prod' audited in the shared kernel dependency traversal
'FreeEntropy.WeylCharacter.below_rootFactor' audited in the shared kernel dependency traversal
'FreeEntropy.WeylCharacter.sum_positive_root_first' audited in the shared kernel dependency traversal
'FreeEntropy.WeylCharacter.below_denominator' audited in the shared kernel dependency traversal
'FreeEntropy.WeylCharacter.offsets_sum_zero' audited in the shared kernel dependency traversal
'FreeEntropy.WeylCharacter.coeff_mul_highest' audited in the shared kernel dependency traversal
'FreeEntropy.WeylCharacter.shiftedHighest_cast' audited in the shared kernel dependency traversal
'FreeEntropy.WeylCharacter.strictAnti_exponent_unique' audited in the shared kernel dependency traversal
'FreeEntropy.ExteriorRepresentation.canonicalCharacter_numerator_below' audited in the shared kernel dependency traversal
'FreeEntropy.ExteriorRepresentation.canonicalCharacter_strictAnti_exponent' audited in the shared kernel dependency traversal
'FreeEntropy.WeylCharacter.alternant_homogeneous' audited in the shared kernel dependency traversal
'FreeEntropy.WeylCharacter.denominator_homogeneous' audited in the shared kernel dependency traversal
'FreeEntropy.WeylCharacter.denominator_staircase_coeff' audited in the shared kernel dependency traversal
'FreeEntropy.WeylCharacter.coeff_mul_at_homogeneous_degree' audited in the shared kernel dependency traversal
'FreeEntropy.WeylCharacter.denominator_mul_staircase_coeff' audited in the shared kernel dependency traversal
'FreeEntropy.Weyl.twice_active_row_count' audited in the shared kernel dependency traversal
'FreeEntropy.Weyl.active_row_count' audited in the shared kernel dependency traversal
'FreeEntropy.Weyl.row_denominator' audited in the shared kernel dependency traversal
'FreeEntropy.Weyl.descending_factorial_product' audited in the shared kernel dependency traversal
'FreeEntropy.Weyl.active_denominator' audited in the shared kernel dependency traversal
'FreeEntropy.Weyl.activeRoots_rows_disjoint' audited in the shared kernel dependency traversal
'FreeEntropy.Weyl.sum_activeRoots' audited in the shared kernel dependency traversal
'FreeEntropy.Weyl.card_activeRoots' audited in the shared kernel dependency traversal
'FreeEntropy.Weyl.card_activeRoots_real' audited in the shared kernel dependency traversal
'FreeEntropy.Weyl.descending_row_sum' audited in the shared kernel dependency traversal
'FreeEntropy.Weyl.log_row_denominator' audited in the shared kernel dependency traversal
'FreeEntropy.Weyl.log_active_denominator' audited in the shared kernel dependency traversal
'FreeEntropy.Weyl.qmdl' audited in the shared kernel dependency traversal
'FreeEntropy.Weyl.spectral_sum_split' audited in the shared kernel dependency traversal
'FreeEntropy.Weyl.rootLeading_eq_qmdl' audited in the shared kernel dependency traversal
'FreeEntropy.WeylCharacter.exponent' audited in the shared kernel dependency traversal
'FreeEntropy.WeylCharacter.exponent_apply' audited in the shared kernel dependency traversal
'FreeEntropy.WeylCharacter.monomial_exponent' audited in the shared kernel dependency traversal
'FreeEntropy.WeylCharacter.laplacian_monomial' audited in the shared kernel dependency traversal
'FreeEntropy.WeylCharacter.alternant' audited in the shared kernel dependency traversal
'FreeEntropy.WeylCharacter.permuted_power_product' audited in the shared kernel dependency traversal
'FreeEntropy.WeylCharacter.permuted_exponent_energy' audited in the shared kernel dependency traversal
'FreeEntropy.WeylCharacter.laplacian_sign_smul' audited in the shared kernel dependency traversal
'FreeEntropy.WeylCharacter.alternant_laplacian' audited in the shared kernel dependency traversal
'FreeEntropy.WeylCharacter.denominator' audited in the shared kernel dependency traversal
'FreeEntropy.WeylCharacter.denominator_product' audited in the shared kernel dependency traversal
'FreeEntropy.WeylCharacter.denominator_laplacian' audited in the shared kernel dependency traversal
'FreeEntropy.WeylCharacter.euler_mul' audited in the shared kernel dependency traversal
'FreeEntropy.WeylCharacter.euler_prod' audited in the shared kernel dependency traversal
'FreeEntropy.WeylCharacter.laplacian_mul' audited in the shared kernel dependency traversal
'FreeEntropy.WeylCharacter.positiveRoots' audited in the shared kernel dependency traversal
'FreeEntropy.WeylCharacter.rootFactor' audited in the shared kernel dependency traversal
'FreeEntropy.WeylCharacter.denominator_roots' audited in the shared kernel dependency traversal
'FreeEntropy.WeylCharacter.denominatorWithout' audited in the shared kernel dependency traversal
'FreeEntropy.WeylCharacter.rootFactor_mul_without' audited in the shared kernel dependency traversal
'FreeEntropy.WeylCharacter.euler_rootFactor' audited in the shared kernel dependency traversal
'FreeEntropy.WeylCharacter.denominator_euler_cross' audited in the shared kernel dependency traversal
'FreeEntropy.WeylCharacter.sum_positiveRoots_pairs' audited in the shared kernel dependency traversal
'FreeEntropy.WeylCharacter.denominator_cross_radial' audited in the shared kernel dependency traversal
'FreeEntropy.WeylCharacter.coeff_zero_translate' audited in the shared kernel dependency traversal
'FreeEntropy.WeylCharacter.eval_one_of_alternant_identity' audited in the shared kernel dependency traversal
'FreeEntropy.WeylCharacter.extraction_eq_binomialDet' audited in the shared kernel dependency traversal
'FreeEntropy.WeylCharacter.dimension_eq_GT_of_character_identity' audited in the shared kernel dependency traversal
'FreeEntropy.Weyl.rowL1' audited in the shared kernel dependency traversal
'FreeEntropy.Weyl.row_difference_le_l1' audited in the shared kernel dependency traversal
'FreeEntropy.Weyl.all_root_count' audited in the shared kernel dependency traversal
'FreeEntropy.Weyl.rootDenominator' audited in the shared kernel dependency traversal
'FreeEntropy.Weyl.weyl_product_ratio' audited in the shared kernel dependency traversal
'FreeEntropy.Weyl.weyl_ratio_deficit_from_rows' audited in the shared kernel dependency traversal
'FreeEntropy.Weyl.rowL1_nonneg' audited in the shared kernel dependency traversal
'FreeEntropy.Weyl.rowL1_eq_zero_iff' audited in the shared kernel dependency traversal
'FreeEntropy.Weyl.rootDenominator_pos_of_ordered' audited in the shared kernel dependency traversal
'FreeEntropy.Weyl.activeProduct_pos_of_ordered' audited in the shared kernel dependency traversal
'FreeEntropy.Weyl.activeProduct_mono_add_dominant' audited in the shared kernel dependency traversal
'FreeEntropy.Weyl.weyl_ratio_pos_le_one_from_rows' audited in the shared kernel dependency traversal
'FreeEntropy.Weyl.activeProduct_congr_rows' audited in the shared kernel dependency traversal
'FreeEntropy.Weyl.weyl_ratio_eq_one_of_zero_rows' audited in the shared kernel dependency traversal
'FreeEntropy.Weyl.weyl_ratio_eq_one_of_rowL1_zero' audited in the shared kernel dependency traversal
'FreeEntropy.Weyl.rowL1_zero_or_one_le_of_integral' audited in the shared kernel dependency traversal
'FreeEntropy.Weyl.rowL1_int_zero_or_one_le' audited in the shared kernel dependency traversal
'FreeEntropy.WeylCharacter.translate' audited in the shared kernel dependency traversal
'FreeEntropy.WeylCharacter.translate_X' audited in the shared kernel dependency traversal
'FreeEntropy.WeylCharacter.translate_C' audited in the shared kernel dependency traversal
'FreeEntropy.WeylCharacter.translate_denominator' audited in the shared kernel dependency traversal
'FreeEntropy.WeylCharacter.translate_monomial' audited in the shared kernel dependency traversal
'FreeEntropy.WeylCharacter.coeff_product_shifted_powers' audited in the shared kernel dependency traversal
'FreeEntropy.WeylCharacter.coeff_translate_monomial' audited in the shared kernel dependency traversal
'FreeEntropy.WeylCharacter.coeff_translate_alternant' audited in the shared kernel dependency traversal
'FreeEntropy.WordTypes.positionEquiv' audited in the shared kernel dependency traversal
'FreeEntropy.WordTypes.positionEquiv_apply' audited in the shared kernel dependency traversal
'FreeEntropy.WordTypes.permuteWords' audited in the shared kernel dependency traversal
'FreeEntropy.WordTypes.content_permute' audited in the shared kernel dependency traversal
'FreeEntropy.WordTypes.ContentInvariant' audited in the shared kernel dependency traversal
'FreeEntropy.WordTypes.ContentInvariant.permute' audited in the shared kernel dependency traversal
'FreeEntropy.WordTypes.tensor_entry_permute' audited in the shared kernel dependency traversal
'FreeEntropy.WordTypes.ContentInvariant.tensor_action' audited in the shared kernel dependency traversal
'FreeEntropy.WordTypes.tensor_vector_contentInvariant' audited in the shared kernel dependency traversal
'FreeEntropy.WordTypes.content' audited in the shared kernel dependency traversal
'FreeEntropy.WordTypes.Words' audited in the shared kernel dependency traversal
'FreeEntropy.WordTypes.monomial' audited in the shared kernel dependency traversal
'FreeEntropy.WordTypes.empirical' audited in the shared kernel dependency traversal
'FreeEntropy.WordTypes.word_probability_eq' audited in the shared kernel dependency traversal
'FreeEntropy.WordTypes.all_word_probability' audited in the shared kernel dependency traversal
'FreeEntropy.WordTypes.type_probability_le_one' audited in the shared kernel dependency traversal
'FreeEntropy.WordTypes.empirical_sum' audited in the shared kernel dependency traversal
'FreeEntropy.WordTypes.empirical_monomial_pos' audited in the shared kernel dependency traversal
'FreeEntropy.WordTypes.entropy_exponential' audited in the shared kernel dependency traversal
'FreeEntropy.WordTypes.type_probability_le_exp_neg_kl' audited in the shared kernel dependency traversal
All audited declarations depend on axioms: [propext, Quot.sound, Classical.choice]
'FreeEntropy.theorem1_achievability' depends on axioms: [propext, Classical.choice, Quot.sound]
'FreeEntropy.theorem1_converse' depends on axioms: [propext, Classical.choice, Quot.sound]
'FreeEntropy.theorem1_converse_of_uniform' depends on axioms: [propext, Classical.choice, Quot.sound]
'FreeEntropy.ExteriorRepresentation.theorem2_cloning_accuracy' depends on axioms: [propext,
 Classical.choice,
 Quot.sound]
'FreeEntropy.ExteriorRepresentation.theorem2_cartan_cloning_accuracy' depends on axioms: [propext,
 Classical.choice,
 Quot.sound]
'FreeEntropy.ExteriorRepresentation.theorem2_cloning_accuracy_choi' depends on axioms: [propext,
 Classical.choice,
 Quot.sound]
'FreeEntropy.ExteriorRepresentation.theorem2_cloning_accuracy_petz' depends on axioms: [propext,
 Classical.choice,
 Quot.sound]
PASS: 2499 declarations; no placeholders or custom axioms.
